Text;Date;Time;Draft;Facebook;Twitter;LinkedIn;GBP;Instagram;Pinterest;TikTok;YouTube;Threads;Bluesky;Picture Url 1;Picture Url 2;Shortener;Instagram Post Type;Facebook Post Type;First Comment Text
"Begriff der Woche: dauerhafte digitale Adresse.

Gemeint ist ein fester Ort im Netz, an dem die Angaben zu Ihrem Unternehmen stehen – unabhängig davon, welche Plattform gerade angesagt ist oder wie Ihr Handle morgen heißt.

Warum das zählt: Wer Sie heute prüft, soll Sie in drei Jahren unter derselben Adresse wiederfinden. Genau das leistet ein MainProfil.

Speichern, wenn Sie den Begriff das nächste Mal brauchen.

https://mainprofil.com/ig

#DigitaleIdentität #Unternehmensprofil #MainProfil #Begriffserklärung #KMU";2026-09-18;07:45:00;FALSE;FALSE;FALSE;FALSE;FALSE;TRUE;FALSE;FALSE;FALSE;FALSE;FALSE;https://raw.githubusercontent.com/mainprofil-app/mainprofil-social-assets/main/2026-09-18/2026-09-18-ig-01.png;;FALSE;POST;;
"Egal ob Lieferantenanlage, Kreditprüfung oder Ausschreibung – die ersten vier Fragen sind immer dieselben: Registernummer? USt-ID? Welche Standorte? Und: Wie aktuell ist das alles?

Die ersten drei Angaben stehen meist irgendwo. Die vierte fast nie. Genau deshalb wird nachgefragt, nachgefordert, nachgereicht.

Ein MainProfil bündelt diese Angaben an einer dauerhaften Adresse und zeigt zu jeder das Datum der letzten Bestätigung. Die unabhängige Identitätsprüfung kommt als eigener Schritt dazu.

Welche dieser vier Angaben müssen Sie am häufigsten nachliefern?

https://mainprofil.com/li

#Lieferantenmanagement #Unternehmensdaten #Compliance #Mittelstand #MainProfil";2026-09-18;08:00:00;FALSE;FALSE;FALSE;TRUE;FALSE;FALSE;FALSE;FALSE;FALSE;FALSE;FALSE;https://raw.githubusercontent.com/mainprofil-app/mainprofil-social-assets/main/2026-09-18/2026-09-18-li-01.png;;FALSE;;;
"Diese Frage bekommen wir oft: „Ich habe doch einen Google-Eintrag – wozu noch ein Unternehmensprofil?“

Die ehrliche Antwort: Der Google-Eintrag sorgt dafür, dass man Sie findet. Er sagt aber nichts darüber, ob die Angaben geprüft sind, wann sie zuletzt bestätigt wurden oder welche Registerdaten dahinterstehen.

MainProfil ersetzt Google nicht. Es ergänzt die Auffindbarkeit um das, was fehlt: gebündelte Angaben, ein sichtbares Prüfdatum und eine unabhängige Verifizierung.

Was steht bei Ihnen im Google-Eintrag, was Sie bei einer Prüfung trotzdem nachreichen müssten?

https://mainprofil.com/fb

#GoogleUnternehmensprofil #KMU #Unternehmensdaten #MainProfil #Sichtbarkeit";2026-09-18;08:30:00;FALSE;TRUE;FALSE;FALSE;FALSE;FALSE;FALSE;FALSE;FALSE;FALSE;FALSE;https://raw.githubusercontent.com/mainprofil-app/mainprofil-social-assets/main/2026-09-18/2026-09-18-fb-01.png;;FALSE;;POST;
"„Unsere Daten sind aktuell.“ Sagt jedes Unternehmen. Kann jedes Unternehmen sagen.

Der Unterschied liegt in einem kleinen Zusatz: dem Datum. „Standort bestätigt am 18.09.2026“ ist eine Angabe, die man nicht mehr hinterfragen muss.

Genau so zeigt ein MainProfil Aktualität – an jeder einzelnen Angabe.

MainProfil folgen, wenn Sie Unternehmensdaten lieber belegen als behaupten.

https://mainprofil.com/ig

#Aktualität #Unternehmensdaten #Transparenz #MainProfil #DigitaleIdentität";2026-09-18;11:30:00;FALSE;FALSE;FALSE;FALSE;FALSE;TRUE;FALSE;FALSE;FALSE;FALSE;FALSE;https://raw.githubusercontent.com/mainprofil-app/mainprofil-social-assets/main/2026-09-18/2026-09-18-ig-02.png;;FALSE;POST;;
"Ein Konzern muss niemandem beweisen, dass er existiert. Ein 12-Personen-Betrieb aus Schweinfurt schon – bei jedem neuen Kunden, jeder Bank, jedem Partner.

Deshalb ist der Satz „Verifizierung ist etwas für die Großen“ genau falsch herum. Die Großen haben Bekanntheit als Ersatz. Die Kleinen brauchen einen belastbaren Nachweis, der ohne Bekanntheit funktioniert.

Bei MainProfil ist die Verifizierung der Unternehmensidentität ein eigener, unabhängiger Schritt – vom Tarif getrennt und für jedes Unternehmen zugänglich.

Wie oft mussten Sie in den letzten zwölf Monaten Ihre Existenz als Unternehmen nachweisen?

https://mainprofil.com/li

#Mittelstand #Verifizierung #Vertrauen #KMU #MainProfil";2026-09-18;12:15:00;FALSE;FALSE;FALSE;TRUE;FALSE;FALSE;FALSE;FALSE;FALSE;FALSE;FALSE;https://raw.githubusercontent.com/mainprofil-app/mainprofil-social-assets/main/2026-09-18/2026-09-18-li-02.png;;FALSE;;;
"Kleiner Test für zwischendurch: Öffnen Sie Ihr eigenes Impressum und gehen Sie diese fünf Punkte durch. Dauert fünf Minuten, deckt aber die häufigsten Fehler auf, die Interessierte als Erstes sehen.

Warum das wichtig ist: Das Impressum ist der Ort, an dem Kunden, Partner und Behörden zuerst nachschauen. Stimmt dort etwas nicht, färbt das auf alles andere ab.

Ein MainProfil hält genau diese Angaben mit Prüfdatum an einer Adresse zusammen.

Wie viele Häkchen haben Sie? Ehrlich zählen.

https://mainprofil.com/fb

#Impressum #KMU #Unternehmensdaten #MainProfil #Checkliste";2026-09-18;13:00:00;FALSE;TRUE;FALSE;FALSE;FALSE;FALSE;FALSE;FALSE;FALSE;FALSE;FALSE;https://raw.githubusercontent.com/mainprofil-app/mainprofil-social-assets/main/2026-09-18/2026-09-18-fb-02.png;;FALSE;;POST;
"Auf der Website steht Herr Meier, der 2019 gegangen ist. Im Branchenbuch steht „info@“. Auf LinkedIn eine Kollegin, die nur den Account angelegt hat.

Ansprechpartner sind die Angabe, die am schnellsten veraltet – und die am meisten Vertrauen kostet, wenn sie falsch ist.

Im MainProfil steht ein Ansprechpartner mit Funktion und Bestätigungsdatum. Einmal gepflegt, überall verlinkbar.

Speichern und beim nächsten Personalwechsel dran denken.

https://mainprofil.com/ig

#Ansprechpartner #Unternehmensdaten #MainProfil #KMU #Datenpflege";2026-09-18;15:00:00;FALSE;FALSE;FALSE;FALSE;FALSE;TRUE;FALSE;FALSE;FALSE;FALSE;FALSE;https://raw.githubusercontent.com/mainprofil-app/mainprofil-social-assets/main/2026-09-18/2026-09-18-ig-03.png;;FALSE;POST;;
"Diese Frage bekommen wir gerade öfter: „Warum gibt es auf MainProfil ein Profil von uns? Wir haben nie eins angelegt.“

Die Antwort ist einfach: Registerdaten sind öffentlich. Wir haben sie aus OpenCorporates / offeneregister.de an eine dauerhafte Adresse gestellt – und jedes dieser Profile trägt sichtbar den Hinweis „Noch nicht vom Inhaber bestätigt“. Niemand soll den Eindruck bekommen, das sei schon Ihre Stimme.

Sie haben drei Möglichkeiten: das Profil kostenlos übernehmen und mit Ansprechpartnern und Leistungen ergänzen, Angaben korrigieren lassen – oder das Profil entfernen lassen. Alles ohne Kreditkarte, Korrektur und Entfernung sogar ohne Konto.

Haben Sie Ihr Unternehmen schon einmal auf mainprofil.com gesucht?

https://mainprofil.com/fb/uebernehmen

#MainProfil #Unternehmensdaten #Transparenz #KMU #Mittelstand";2026-09-18;15:00:00;FALSE;TRUE;FALSE;FALSE;FALSE;FALSE;FALSE;FALSE;FALSE;FALSE;FALSE;https://raw.githubusercontent.com/mainprofil-app/mainprofil-social-assets/main/2026-09-18/2026-09-18-cl-01.png;;FALSE;;POST;
"„Verifiziert“ steht heute auf vielen Profilen. Was dahintersteckt, ist selten erklärt. Deshalb hier offen, wie es bei MainProfil abläuft:

1. Identität prüfen – Registerdaten, Vertretungsberechtigung und Kontaktweg werden gegen unabhängige Quellen abgeglichen, nicht gegen Eigenangaben.
2. Grundlage dokumentieren – im Profil ist sichtbar, was geprüft wurde und wann.
3. Gültigkeit begrenzen – das Siegel läuft ab. Wer es behalten will, bestätigt erneut. Aktualität ist damit Teil der Prüfung, nicht Zufall.

Und: Der Schritt ist vom Tarif getrennt. Er lässt sich nicht kaufen, nur bestehen.

Welche dieser drei Eigenschaften fehlt Ihnen bei anderen „verifiziert“-Siegeln am meisten?

https://mainprofil.com/li

#Verifizierung #TrustAndSafety #Unternehmensidentität #Compliance #MainProfil";2026-09-18;16:30:00;FALSE;FALSE;FALSE;TRUE;FALSE;FALSE;FALSE;FALSE;FALSE;FALSE;FALSE;https://raw.githubusercontent.com/mainprofil-app/mainprofil-social-assets/main/2026-09-18/2026-09-18-li-03.png;;FALSE;;;
"Hand aufs Herz: Welche Angabe zu Ihrem Unternehmen stimmt im Netz am wahrscheinlichsten nicht mehr?

A – Öffnungszeiten
B – Ansprechpartner
C – Leistungen oder Sortiment
D – Adresse eines Standorts

Keine Fangfrage. Uns interessiert, wo Datenpflege im Alltag am ehesten hinten runterfällt – daran richten wir aus, was ein MainProfil beim Pflegen erinnert.

Buchstabe in die Kommentare, gern mit kurzer Begründung.

https://mainprofil.com/fb

#Umfrage #KMU #Datenpflege #Unternehmensdaten #MainProfil";2026-09-18;17:30:00;FALSE;TRUE;FALSE;FALSE;FALSE;FALSE;FALSE;FALSE;FALSE;FALSE;FALSE;https://raw.githubusercontent.com/mainprofil-app/mainprofil-social-assets/main/2026-09-18/2026-09-18-fb-03.png;;FALSE;;POST;
"Man kann Vertrauen nicht designen. Man kann es nur belegen.

Eine Angabe, die von jemand Unabhängigem bestätigt wurde und ein Datum trägt, schafft mehr Vertrauen als jede noch so schöne Startseite.

Dafür gibt es MainProfil.

Folgen für mehr klare Gedanken zu Unternehmensdaten und Vertrauen.

https://mainprofil.com/ig

#Vertrauen #Verifizierung #MainProfil #DigitaleIdentität #Unternehmen";2026-09-18;19:30:00;FALSE;FALSE;FALSE;FALSE;FALSE;TRUE;FALSE;FALSE;FALSE;FALSE;FALSE;https://raw.githubusercontent.com/mainprofil-app/mainprofil-social-assets/main/2026-09-18/2026-09-18-ig-04.png;;FALSE;POST;;
"Wer sein erstes Unternehmensprofil anlegt, macht meist dieselben fünf Fehler – wir sehen sie täglich:

1. Leistungen als Floskeln („ganzheitliche Lösungen“) statt konkret.
2. Kein Mensch als Ansprechpartner.
3. Standort ohne Öffnungszeiten.
4. Registerdaten weggelassen – dabei sind sie der stärkste Vertrauensanker.
5. Einmal angelegt, nie wieder bestätigt.

Alle fünf sind in zehn Minuten behoben. Speichern für den nächsten Profil-Check.

https://mainprofil.com/ig

#Unternehmensprofil #KMU #Fehler #MainProfil #Digitalisierung";2026-09-19;08:15:00;FALSE;FALSE;FALSE;FALSE;FALSE;TRUE;FALSE;FALSE;FALSE;FALSE;FALSE;https://raw.githubusercontent.com/mainprofil-app/mainprofil-social-assets/main/2026-09-19/2026-09-19-ig-01.png;;FALSE;POST;;
"Drei Dinge, die auf Profilen gern gleich aussehen, aber völlig Verschiedenes bedeuten:

Die Eigenangabe: das Unternehmen sagt, wer es ist.
Das „verifiziert“ per E-Mail: jemand hat bestätigt, dass er das Postfach öffnen kann.
Die unabhängige Prüfung: Registerdaten wurden gegen externe Quellen abgeglichen, der Prüfer ist benannt, das Datum steht dabei, und das Ergebnis läuft ab.

Nur das Dritte ist ein Vertrauenssignal. Die ersten beiden sind Komfortfunktionen.

MainProfil zeigt alle drei getrennt an – damit niemand raten muss, welches Häkchen gerade gemeint ist.

Wie unterscheiden Sie das heute in Ihren Prozessen?

https://mainprofil.com/li

#Verifizierung #DueDiligence #Vertrauen #Compliance #MainProfil";2026-09-19;08:45:00;FALSE;FALSE;FALSE;TRUE;FALSE;FALSE;FALSE;FALSE;FALSE;FALSE;FALSE;https://raw.githubusercontent.com/mainprofil-app/mainprofil-social-assets/main/2026-09-19/2026-09-19-li-01.png;;FALSE;;;
"Kleine Alltagsszene: Feiertag, ein Kunde steht vor verschlossener Tür – weil Google „geöffnet“ sagte, während die Website „geschlossen“ wusste.

Öffnungszeiten sind die Angabe mit der kürzesten Haltbarkeit. Und die, die am häufigsten an drei Stellen unterschiedlich steht.

Ein MainProfil hält Standorte und Öffnungszeiten inklusive Ausnahmen an einer Adresse zusammen, mit sichtbarem Aktualitätsdatum.

Wie viele Stellen müssten Sie vor dem nächsten Feiertag anfassen?

https://mainprofil.com/fb

#Öffnungszeiten #Einzelhandel #KMU #MainProfil #Unternehmensdaten";2026-09-19;10:30:00;FALSE;TRUE;FALSE;FALSE;FALSE;FALSE;FALSE;FALSE;FALSE;FALSE;FALSE;https://raw.githubusercontent.com/mainprofil-app/mainprofil-social-assets/main/2026-09-19/2026-09-19-fb-01.png;;FALSE;;POST;
"So einfach ist der Start:

1. Mit geschäftlicher E-Mail registrieren.
2. Die Angaben ergänzen, die andere über Ihr Unternehmen suchen.
3. Veröffentlichen, wenn Sie soweit sind.

Keine Kreditkarte, kein Vertrag. Die unabhängige Verifizierung Ihrer Identität ist ein eigener Schritt und kein Tarifmerkmal.

Kostenlos starten: mainprofil.com/registrieren

https://mainprofil.com/ig

#MainProfil #Unternehmensprofil #KostenlosStarten #KMU #DigitaleIdentität";2026-09-19;11:45:00;FALSE;FALSE;FALSE;FALSE;FALSE;TRUE;FALSE;FALSE;FALSE;FALSE;FALSE;https://raw.githubusercontent.com/mainprofil-app/mainprofil-social-assets/main/2026-09-19/2026-09-19-ig-02.png;;FALSE;POST;;
"Der Handelsregisterauszug ist der stärkste Existenznachweis, den ein Unternehmen hat. Und gleichzeitig der unbrauchbarste Steckbrief.

Er nennt keinen Ansprechpartner, keine Standorte, keine Leistungen. Er zeigt nicht, ob die Adresse noch stimmt. Und er wird mit Verzögerung aktualisiert.

Deshalb reicht weder das Register allein noch die Website allein. Ein MainProfil verbindet beides: die unabhängig geprüfte Identität mit den gepflegten, datierten Angaben, die man im Alltag tatsächlich braucht.

Widerspruch willkommen: Reicht Ihnen in der Praxis der Registerauszug?

https://mainprofil.com/li

#Handelsregister #Unternehmensidentität #DueDiligence #Mittelstand #MainProfil";2026-09-19;12:30:00;FALSE;FALSE;FALSE;TRUE;FALSE;FALSE;FALSE;FALSE;FALSE;FALSE;FALSE;https://raw.githubusercontent.com/mainprofil-app/mainprofil-social-assets/main/2026-09-19/2026-09-19-li-02.png;;FALSE;;;
"Es gibt in Deutschland Hunderte Betriebe namens „Müller“, „Schmidt“ oder „Weber“. Wer online nach Ihnen sucht, landet schnell beim Namensvetter zwei Städte weiter.

Drei Dinge helfen sofort: eine einheitliche Schreibweise des Firmennamens überall, die sichtbare Registernummer als eindeutiges Merkmal und eine dauerhafte Adresse, auf die alle anderen Profile verweisen.

Genau das ist ein MainProfil: der eindeutige Ort für Ihren Betrieb.

Gibt es in Ihrer Region einen Namensvetter, mit dem Sie verwechselt werden?

https://mainprofil.com/fb

#Handwerk #KMU #Sichtbarkeit #Unternehmensdaten #MainProfil";2026-09-19;13:30:00;FALSE;TRUE;FALSE;FALSE;FALSE;FALSE;FALSE;FALSE;FALSE;FALSE;FALSE;https://raw.githubusercontent.com/mainprofil-app/mainprofil-social-assets/main/2026-09-19/2026-09-19-fb-02.png;;FALSE;;POST;
"Begriff erklärt: unbestätigtes Profil.

Über 100.000 Unternehmensprofile auf MainProfil stammen aus öffentlichen Registerdaten (OpenCorporates / offeneregister.de). Sie zeigen Firmierung, Registernummer und Sitz – und tragen den Hinweis „Noch nicht vom Inhaber bestätigt“.

Drei Dinge, die der Begriff nicht bedeutet: Er bedeutet nicht, dass MainProfil die Angaben geprüft hat. Er bedeutet nicht, dass etwas falsch ist. Und er bedeutet nicht, dass das Unternehmen etwas versäumt hat.

Er bedeutet: Hier fehlt noch die Stimme des Unternehmens. Wer das Profil übernimmt – kostenlos, ohne Kreditkarte –, ergänzt Ansprechpartner und Leistungen und belegt Aktualität mit Datum. Wer nicht möchte, lässt korrigieren oder entfernen.

Für Einkauf und Compliance ist die Kennzeichnung nützlich: Man sieht auf einen Blick, welche Angaben nur aus dem Register stammen. Wie gehen Sie mit unbestätigten Einträgen bei Ihrer Lieferantenrecherche um?

https://mainprofil.com/li/uebernehmen

#Unternehmensdaten #Compliance #Einkauf #MainProfil #Mittelstand";2026-09-19;14:30:00;FALSE;FALSE;FALSE;TRUE;FALSE;FALSE;FALSE;FALSE;FALSE;FALSE;FALSE;https://raw.githubusercontent.com/mainprofil-app/mainprofil-social-assets/main/2026-09-19/2026-09-19-cl-01.png;;FALSE;;;
"In zwölf Monaten ändert sich in fast jedem Unternehmen mindestens eines: Telefonnummer, Standort, Ansprechpartner oder Vertretung.

Die Frage ist nicht, ob sich etwas ändert – sondern ob es an allen Stellen nachgezogen wird, an denen es steht.

Ein MainProfil macht das einfach: eine Adresse, eine Änderung, ein neues Bestätigungsdatum.

Speichern und beim nächsten Wechsel daran denken.

https://mainprofil.com/ig

#Datenpflege #Unternehmensdaten #MainProfil #KMU #Aktualität";2026-09-19;15:15:00;FALSE;FALSE;FALSE;FALSE;FALSE;TRUE;FALSE;FALSE;FALSE;FALSE;FALSE;https://raw.githubusercontent.com/mainprofil-app/mainprofil-social-assets/main/2026-09-19/2026-09-19-ig-03.png;;FALSE;POST;;
"Wer Lieferanten anlegt, kennt beide Varianten der Selbstauskunft.

Die eine: „Siehe Website“, Ansprechpartner „Vertrieb“, Zertifikate ohne Ablaufdatum, nirgends ein Stand. Ergebnis: drei Rückfragen, eine Woche Verzögerung.

Die andere: Registerdaten mit Gericht, ein Mensch mit Funktion und Durchwahl, Gültigkeitsdaten, ein Prüfstand. Ergebnis: Freigabe am selben Tag.

Ein MainProfil ist im Grunde die zweite Variante als dauerhafte Adresse – mit unabhängig bestätigter Identität obendrauf.

Was löst in Ihrem Einkauf die meisten Rückfragen aus?

https://mainprofil.com/li

#Einkauf #Lieferantenmanagement #Compliance #Mittelstand #MainProfil";2026-09-19;16:15:00;FALSE;FALSE;FALSE;TRUE;FALSE;FALSE;FALSE;FALSE;FALSE;FALSE;FALSE;https://raw.githubusercontent.com/mainprofil-app/mainprofil-social-assets/main/2026-09-19/2026-09-19-li-03.png;;FALSE;;;
"Eine Anfrage, die ins Leere läuft, meldet sich nicht. Sie ist einfach weg.

Genau das passiert, wenn im Branchenbuch noch die alte Nummer steht, auf der Website die neue – und niemand weiß, welche Quelle der Kunde gerade benutzt hat.

Ein MainProfil bündelt Kontaktwege an einer Adresse, mit Bestätigungsdatum. Wer dort nachschaut, erreicht Sie.

Wann haben Sie zuletzt Ihre eigene Nummer gegoogelt?

https://mainprofil.com/fb

#Kontaktdaten #KMU #Kundenservice #MainProfil #Unternehmensdaten";2026-09-19;17:00:00;FALSE;TRUE;FALSE;FALSE;FALSE;FALSE;FALSE;FALSE;FALSE;FALSE;FALSE;https://raw.githubusercontent.com/mainprofil-app/mainprofil-social-assets/main/2026-09-19/2026-09-19-fb-03.png;;FALSE;;POST;
"Kein Konzept, ein Blick ins Produkt: Jede Angabe im MainProfil trägt ihr eigenes Bestätigungsdatum. Der Standort vom 12.09., der Ansprechpartner vom 15.09., die Leistungen von heute.

So sieht man auf einen Blick, was frisch ist und was bald wieder bestätigt werden sollte. Und die Verifizierung zeigt, bis wann sie gilt.

MainProfil folgen für mehr Einblicke ins Produkt.

https://mainprofil.com/ig

#Produkt #Unternehmensprofil #Aktualität #MainProfil #DigitaleIdentität";2026-09-19;18:45:00;FALSE;FALSE;FALSE;FALSE;FALSE;TRUE;FALSE;FALSE;FALSE;FALSE;FALSE;https://raw.githubusercontent.com/mainprofil-app/mainprofil-social-assets/main/2026-09-19/2026-09-19-ig-04.png;;FALSE;POST;;
"Ruhige Sonntagsfrage: Website, Google, zwei Branchenbücher, LinkedIn, Facebook, Instagram, Messekatalog, Lieferantenportal … an wie vielen Orten stehen Ihre Unternehmensdaten?

Jeder Ort ist eine Stelle, an der etwas veralten kann. Je weniger Orte, desto weniger Fehler.

Die Idee hinter MainProfil: eine dauerhafte Adresse, auf die alle anderen Orte verweisen.

Zahl in die Kommentare – wer bietet mehr?

https://mainprofil.com/ig

#Sonntagsfrage #Unternehmensdaten #KMU #MainProfil #Digitalisierung";2026-09-20;07:45:00;FALSE;FALSE;FALSE;FALSE;FALSE;TRUE;FALSE;FALSE;FALSE;FALSE;FALSE;https://raw.githubusercontent.com/mainprofil-app/mainprofil-social-assets/main/2026-09-20/2026-09-20-ig-01.png;;FALSE;POST;;
"Die meisten Angaben über ein Unternehmen stammen vom Unternehmen selbst. Das ist normal und richtig – niemand kennt die Öffnungszeiten besser.

Problematisch wird es erst, wenn Eigenangaben so aussehen wie Prüfergebnisse. Ein grünes Häkchen neben einer selbst eingetragenen Adresse suggeriert eine Kontrolle, die nie stattgefunden hat.

MainProfil trennt das sichtbar: Was selbstverwaltet ist, ist als solches gekennzeichnet. Was unabhängig geprüft wurde, trägt Datum und Gültigkeit. Beides wird nie vermischt.

Wo ist Ihnen diese Vermischung zuletzt begegnet?

https://mainprofil.com/li

#Transparenz #Unternehmensdaten #Verifizierung #Vertrauen #MainProfil";2026-09-20;08:30:00;FALSE;FALSE;FALSE;TRUE;FALSE;FALSE;FALSE;FALSE;FALSE;FALSE;FALSE;https://raw.githubusercontent.com/mainprofil-app/mainprofil-social-assets/main/2026-09-20/2026-09-20-li-01.png;;FALSE;;;
"Begriff erklärt, weil er inflationär benutzt wird: Verifizierung.

Bei MainProfil heißt das: Jemand Unabhängiger hat geprüft, dass es Ihr Unternehmen gibt und dass die angegebene Vertretung stimmt. Die Grundlage ist dokumentiert, das Ergebnis hat ein Datum und läuft ab.

Nicht gemeint ist: eine bestätigte E-Mail-Adresse. Und schon gar nicht ein Abzeichen, das im Tarif steckt.

Welche „Verifizierung“ ist Ihnen zuletzt begegnet, die diesen Namen nicht verdient hat?

https://mainprofil.com/fb

#Verifizierung #Begriffserklärung #Vertrauen #KMU #MainProfil";2026-09-20;10:30:00;FALSE;TRUE;FALSE;FALSE;FALSE;FALSE;FALSE;FALSE;FALSE;FALSE;FALSE;https://raw.githubusercontent.com/mainprofil-app/mainprofil-social-assets/main/2026-09-20/2026-09-20-fb-01.png;;FALSE;;POST;
"Bevor jemand zum Hörer greift, will er fünf Dinge wissen. Fehlt eines, ruft er woanders an.

Die Liste ist unspektakulär – Existenz, Ansprechpartner, Standort, Leistungen, Prüfung. Aber genau diese fünf Punkte stehen selten an einem Ort.

Ein MainProfil beantwortet sie auf einer Seite, mit Datum.

Speichern und gegen das eigene Profil prüfen.

https://mainprofil.com/ig

#Kundengewinnung #Unternehmensprofil #KMU #MainProfil #Unternehmensdaten";2026-09-20;11:30:00;FALSE;FALSE;FALSE;FALSE;FALSE;TRUE;FALSE;FALSE;FALSE;FALSE;FALSE;https://raw.githubusercontent.com/mainprofil-app/mainprofil-social-assets/main/2026-09-20/2026-09-20-ig-02.png;;FALSE;POST;;
"Eine kleine Rechnung, die in Unternehmen selten aufgemacht wird:

Zehn Minuten im Monat, um die eigenen Angaben zu prüfen und zu bestätigen. Gegenüber: drei Rückfragen pro fehlender Angabe, eine Woche Verzögerung bei der Lieferantenanlage, ein Auftrag, der beim schnelleren Wettbewerber landet.

Die Zahlen sind aus dem Alltag, nicht aus einer Studie – und sie fallen in fast jedem Betrieb ähnlich aus.

Ein MainProfil macht die zehn Minuten leicht: eine Adresse, ein Klick zum Bestätigen, ein neues Datum. Das Profil selbst kostet nichts.

Wie viel Zeit kostet Sie das Nachreichen von Unternehmensangaben pro Monat?

https://mainprofil.com/li

#Effizienz #Mittelstand #Unternehmensdaten #Einkauf #MainProfil";2026-09-20;12:15:00;FALSE;FALSE;FALSE;TRUE;FALSE;FALSE;FALSE;FALSE;FALSE;FALSE;FALSE;https://raw.githubusercontent.com/mainprofil-app/mainprofil-social-assets/main/2026-09-20/2026-09-20-li-02.png;;FALSE;;;
"„Dafür haben wir eine Agentur.“ Ein Satz, den wir oft hören – und der meist erklärt, warum die Daten veraltet sind.

Die Agentur erfährt vom neuen Ansprechpartner Wochen später. Vom Umzug des Lagers vielleicht nie. Aktualität entsteht nur dort, wo die Änderung passiert.

Deshalb ist ein MainProfil so gebaut, dass die Pflege im Unternehmen selbst zwei Minuten dauert – und die unabhängige Prüfung trotzdem von außen kommt.

Wer pflegt bei Ihnen die Unternehmensdaten – intern oder extern?

https://mainprofil.com/fb

#Datenpflege #KMU #MythosFakt #MainProfil #Digitalisierung";2026-09-20;13:00:00;FALSE;TRUE;FALSE;FALSE;FALSE;FALSE;FALSE;FALSE;FALSE;FALSE;FALSE;https://raw.githubusercontent.com/mainprofil-app/mainprofil-social-assets/main/2026-09-20/2026-09-20-fb-02.png;;FALSE;;POST;
"Sonntag, fünf Minuten Zeit? Dann ist das der Moment.

Schritt 1: Ihr Unternehmen auf mainprofil.com suchen – Firmierung oder Ort reicht. Schritt 2: „Profil übernehmen“, kostenloses Unternehmenskonto, geschäftliche E-Mail und Website angeben. Schritt 3: MainProfil prüft E-Mail-Domain, Impressum und Registernummer – manche Anträge per Klick, manche von Hand. Genau deshalb kann niemand ein fremdes Profil übernehmen.

Kostenlos, ohne Kreditkarte. Und wer nicht möchte, lässt Angaben korrigieren oder das Profil entfernen.

Speichern für den nächsten ruhigen Moment.

https://mainprofil.com/ig/uebernehmen

#Sonntag #MainProfil #Unternehmensprofil #Anleitung #KMU";2026-09-20;13:15:00;FALSE;FALSE;FALSE;FALSE;FALSE;TRUE;FALSE;FALSE;FALSE;FALSE;FALSE;https://raw.githubusercontent.com/mainprofil-app/mainprofil-social-assets/main/2026-09-20/2026-09-20-cl-01.png;;FALSE;POST;;
"Eine Frage, die wir gern beantworten: „Kann ich das Siegel dazubuchen?“

Nein. In keinem Tarif. Das Siegel entsteht ausschließlich durch eine bestandene, unabhängige Prüfung Ihrer Unternehmensidentität – und es läuft ab, wenn nicht erneut bestätigt wird.

Unbequem? Ein bisschen. Aber genau das macht es für Kunden und Partner aussagekräftig.

MainProfil folgen, wenn Sie Vertrauen lieber verdienen als kaufen.

https://mainprofil.com/ig

#Verifizierung #Vertrauen #MainProfil #Unternehmensidentität #FAQ";2026-09-20;15:00:00;FALSE;FALSE;FALSE;FALSE;FALSE;TRUE;FALSE;FALSE;FALSE;FALSE;FALSE;https://raw.githubusercontent.com/mainprofil-app/mainprofil-social-assets/main/2026-09-20/2026-09-20-ig-03.png;;FALSE;POST;;
"Warum wir Verifizierung als Zyklus denken und nicht als Häkchen:

Am Tag 0 wird die Identität unabhängig geprüft. Nach einigen Monaten erinnert das Profil daran, Angaben zu bestätigen. Nach zwölf Monaten steht die Erneuerung an – oder das Siegel erlischt, und zwar sichtbar.

Ein Häkchen, das ewig gilt, sagt nach zwei Jahren nichts mehr aus. Ein Zyklus zwingt zur Aktualität – und macht sie für Dritte nachvollziehbar.

Wie lange darf ein Prüfergebnis Ihrer Meinung nach gelten, bevor es wertlos wird?

https://mainprofil.com/li

#Verifizierung #Compliance #Vertrauen #Prozess #MainProfil";2026-09-20;16:30:00;FALSE;FALSE;FALSE;TRUE;FALSE;FALSE;FALSE;FALSE;FALSE;FALSE;FALSE;https://raw.githubusercontent.com/mainprofil-app/mainprofil-social-assets/main/2026-09-20/2026-09-20-li-03.png;;FALSE;;;
"Kleines Experiment: Lesen Sie Ihre eigene Leistungsbeschreibung – würde ein Fremder danach wissen, was er bei Ihnen bestellen kann?

„Ganzheitliche Lösungen“ und „innovativer Full-Service“ klingen gut und sagen nichts. „Rohbau, Sanierung, Betonbohren, Notdienst“ sagt alles.

Im MainProfil stehen Leistungen als klare Liste – auffindbar, vergleichbar, mit Datum.

Welche Floskel steht bei Ihnen noch drin? Beichten erlaubt.

https://mainprofil.com/fb

#Leistungen #KMU #Kommunikation #MainProfil #Unternehmensprofil";2026-09-20;17:30:00;FALSE;TRUE;FALSE;FALSE;FALSE;FALSE;FALSE;FALSE;FALSE;FALSE;FALSE;https://raw.githubusercontent.com/mainprofil-app/mainprofil-social-assets/main/2026-09-20/2026-09-20-fb-03.png;;FALSE;;POST;
"Ironie des Tages: Wir schreiben auf Instagram darüber, dass Instagram-Posts nach 48 Stunden niemand mehr sieht.

Der Feed ist flüchtig. Kampagnen enden. Handles ändern sich. Was bleibt, ist eine dauerhafte Adresse, an der Ihre Unternehmensinformationen stehen – heute, in einem Jahr, in fünf.

Dafür gibt es MainProfil.

Folgen, wenn Sie Ihre Unternehmensdaten lieber an einem Ort haben, der bleibt.

https://mainprofil.com/ig

#DigitaleIdentität #Unternehmensprofil #MainProfil #SocialMedia #KMU";2026-09-20;19:30:00;FALSE;FALSE;FALSE;FALSE;FALSE;TRUE;FALSE;FALSE;FALSE;FALSE;FALSE;https://raw.githubusercontent.com/mainprofil-app/mainprofil-social-assets/main/2026-09-20/2026-09-20-ig-04.png;;FALSE;POST;;
"Montags-Routine, die sich lohnt: zehn Minuten für Ihre Unternehmensdaten.

Erst den eigenen Firmennamen googeln und schauen, was auf Seite 1 steht. Dann das Impressum öffnen und eine Angabe bewusst prüfen. Zum Schluss das MainProfil bestätigen – ein Klick, ein neues Datum.

Wer das jede Woche macht, hat nie wieder eine große Aufräumaktion.

Speichern als Wochenstart-Erinnerung.

https://mainprofil.com/ig

#Montag #Routine #Unternehmensdaten #MainProfil #KMU";2026-09-21;08:15:00;FALSE;FALSE;FALSE;FALSE;FALSE;TRUE;FALSE;FALSE;FALSE;FALSE;FALSE;https://raw.githubusercontent.com/mainprofil-app/mainprofil-social-assets/main/2026-09-21/2026-09-21-ig-01.png;;FALSE;POST;;
"„Digitale Unternehmensidentität“ wird oft mit Corporate Design verwechselt. Logo, Farben, Tonalität – das ist Gestaltung. Wichtig, aber nicht gemeint.

Identität im Sinne von MainProfil ist die überprüfbare Antwort auf drei Fragen: Wer ist dieses Unternehmen? Wo ist es erreichbar? Und wer hat das unabhängig bestätigt?

Die Antwort steht an einer dauerhaften Adresse, jede Angabe mit Datum, die Prüfung getrennt von der Selbstauskunft.

Wie definieren Sie den Begriff in Ihrem Haus?

https://mainprofil.com/li

#Unternehmensidentität #DigitaleIdentität #Begriffserklärung #Mittelstand #MainProfil";2026-09-21;08:45:00;FALSE;FALSE;FALSE;TRUE;FALSE;FALSE;FALSE;FALSE;FALSE;FALSE;FALSE;https://raw.githubusercontent.com/mainprofil-app/mainprofil-social-assets/main/2026-09-21/2026-09-21-li-01.png;;FALSE;;;
"Bevor jemand anruft, hat er meist an vier Stellen nachgeschaut: Google, Ihre Website, Bewertungen oder Social-Profile – und idealerweise an einem Ort, der alles zusammenführt.

Wenn die ersten drei unterschiedliche Angaben zeigen, entscheidet der vierte. Deshalb lohnt sich eine dauerhafte Adresse, an der alles stimmt und ein Datum trägt.

An welcher Stelle wurden Sie zuletzt mit einer falschen Angabe erwischt?

https://mainprofil.com/fb

#Kunden #KMU #Sichtbarkeit #MainProfil #Unternehmensdaten";2026-09-21;10:30:00;FALSE;TRUE;FALSE;FALSE;FALSE;FALSE;FALSE;FALSE;FALSE;FALSE;FALSE;https://raw.githubusercontent.com/mainprofil-app/mainprofil-social-assets/main/2026-09-21/2026-09-21-fb-01.png;;FALSE;;POST;
"Ein Missverständnis, das wir gern ausräumen: Ein Unternehmensprofil ist keine Stellenanzeige.

Wer es liest, ist genauso oft ein Kunde, der eine Rechnung prüft, ein Lieferant, der einen Vertrag anlegt, oder eine Bank, die Registerdaten braucht.

Ein MainProfil beantwortet für alle dieselbe Frage: Wer steht hinter diesem Unternehmen – nachvollziehbar, aktuell, unabhängig bestätigt.

MainProfil folgen für mehr Klarheit rund um Unternehmensdaten.

https://mainprofil.com/ig

#MythosFakt #Unternehmensprofil #KMU #MainProfil #Vertrauen";2026-09-21;11:45:00;FALSE;FALSE;FALSE;FALSE;FALSE;TRUE;FALSE;FALSE;FALSE;FALSE;FALSE;https://raw.githubusercontent.com/mainprofil-app/mainprofil-social-assets/main/2026-09-21/2026-09-21-ig-02.png;;FALSE;POST;;
"Fragen Sie in Ihrem Einkauf, wie lange die Anlage eines neuen Partners dauert. Die Antwort ist selten „ein Tag“ – meist eine Woche, weil Angaben fehlen, unklar oder ungeprüft sind.

Mit einem MainProfil auf Seiten des Partners ändern sich drei Dinge: Die Angaben kommen aus einer Quelle. Die Identität ist bereits unabhängig geprüft. Und jede Angabe trägt ein Datum, sodass niemand nachfragen muss, ob sie noch gilt.

Das ist kein Marketingversprechen, sondern eine Frage der Struktur.

Wie viele Tage vergehen bei Ihnen zwischen Erstkontakt und Freigabe?

https://mainprofil.com/li

#Onboarding #Einkauf #Lieferantenmanagement #Prozessoptimierung #MainProfil";2026-09-21;12:30:00;FALSE;FALSE;FALSE;TRUE;FALSE;FALSE;FALSE;FALSE;FALSE;FALSE;FALSE;https://raw.githubusercontent.com/mainprofil-app/mainprofil-social-assets/main/2026-09-21/2026-09-21-li-02.png;;FALSE;;;
"Herzlichen Glückwunsch zum neuen Standort! Und jetzt die unromantische Frage: An wie vielen Stellen muss er eingetragen werden?

Website, Google, Branchenbücher, Social-Profile, Briefpapier, Lieferantenportale … die Liste ist lang, und irgendwo wird er vergessen.

Im MainProfil wird ein Standort einmal eingetragen – mit Adresse, Öffnungszeiten und Ansprechpartner. Alle anderen Stellen verweisen darauf.

Haben Sie in den letzten zwei Jahren einen Standort eröffnet oder verlegt?

https://mainprofil.com/fb

#Standorte #Expansion #KMU #MainProfil #Unternehmensdaten";2026-09-21;13:30:00;FALSE;TRUE;FALSE;FALSE;FALSE;FALSE;FALSE;FALSE;FALSE;FALSE;FALSE;https://raw.githubusercontent.com/mainprofil-app/mainprofil-social-assets/main/2026-09-21/2026-09-21-fb-02.png;;FALSE;;POST;
"Auffindbar zu sein ist die halbe Miete. Die andere Hälfte: nicht mit dem gleichnamigen Betrieb zwei Städte weiter verwechselt zu werden.

Eindeutigkeit entsteht durch drei Dinge – die sichtbare Registernummer, eine einheitliche Schreibweise und eine dauerhafte Adresse, auf die alles verweist.

Genau dafür ist ein MainProfil gebaut.

Speichern, wenn Sie einen Namensvetter haben.

https://mainprofil.com/ig

#Sichtbarkeit #Eindeutigkeit #KMU #MainProfil #DigitaleIdentität";2026-09-21;15:15:00;FALSE;FALSE;FALSE;FALSE;FALSE;TRUE;FALSE;FALSE;FALSE;FALSE;FALSE;https://raw.githubusercontent.com/mainprofil-app/mainprofil-social-assets/main/2026-09-21/2026-09-21-ig-03.png;;FALSE;POST;;
"Vorher: Ein Profil aus öffentlichen Registerdaten. Firmierung, Registernummer, Sitz, Rechtsform. Korrekt – aber stumm. Kein Ansprechpartner, keine Leistungen, keine Öffnungszeiten, und der Hinweis „Noch nicht vom Inhaber bestätigt“.

Nachher: Dieselbe dauerhafte Adresse, aber mit Ihrer Stimme. Wer zuständig ist, was Sie anbieten, wann Sie erreichbar sind – und an jeder Angabe das Datum, wann Sie sie bestätigt haben.

Der Weg dazwischen: „Profil übernehmen“. Kostenlos, ohne Kreditkarte. Wer nicht möchte, lässt korrigieren oder entfernen.

Was würden Ihre Kunden zuerst vermissen, wenn nur die Registerdaten da stünden?

https://mainprofil.com/fb/uebernehmen

#VorherNachher #Unternehmensprofil #MainProfil #Ansprechpartner #KMU";2026-09-21;15:15:00;FALSE;TRUE;FALSE;FALSE;FALSE;FALSE;FALSE;FALSE;FALSE;FALSE;FALSE;https://raw.githubusercontent.com/mainprofil-app/mainprofil-social-assets/main/2026-09-21/2026-09-21-cl-01.png;;FALSE;;POST;
"Erfahrene Einkäufer prüfen Unternehmen nicht nach Bauchgefühl, sondern nach Mustern. Fünf Warnsignale tauchen dabei immer wieder auf:

1. Keine Registernummer im Impressum.
2. Ansprechpartner ohne Funktion oder Durchwahl.
3. „Verifiziert“ – aber niemand sagt, wer geprüft hat und wann.
4. Adressen, die sich zwischen Website, Register und Portal widersprechen.
5. Kein Hinweis, wann irgendetwas zuletzt aktualisiert wurde.

Keines dieser Signale beweist ein Problem. Aber alle fünf zusammen führen dazu, dass der Auftrag an den Wettbewerber geht, bei dem alles stimmt.

Welches Signal wiegt bei Ihnen am schwersten?

https://mainprofil.com/li

#Einkauf #Lieferantenbewertung #Compliance #Mittelstand #MainProfil";2026-09-21;16:15:00;FALSE;FALSE;FALSE;TRUE;FALSE;FALSE;FALSE;FALSE;FALSE;FALSE;FALSE;https://raw.githubusercontent.com/mainprofil-app/mainprofil-social-assets/main/2026-09-21/2026-09-21-li-03.png;;FALSE;;;
"Zwei Unternehmen, beide erreichbar – aber nur bei einem ruft man an.

Beim ersten steht „info@, Zentrale, Mo–Fr erreichbar“. Beim zweiten: „L. Weber, Geschäftsführung, Durchwahl -12, Rückruf innerhalb 24 Stunden, bestätigt heute“.

Der Unterschied ist kein Design. Es sind konkrete Angaben mit Datum. Genau so sind Kontakte im MainProfil aufgebaut.

Wie steht es bei Ihnen: info@ oder ein Mensch?

https://mainprofil.com/fb

#Kontakt #Erreichbarkeit #KMU #MainProfil #Kundenservice";2026-09-21;17:00:00;FALSE;TRUE;FALSE;FALSE;FALSE;FALSE;FALSE;FALSE;FALSE;FALSE;FALSE;https://raw.githubusercontent.com/mainprofil-app/mainprofil-social-assets/main/2026-09-21/2026-09-21-fb-03.png;;FALSE;;POST;
"Eine Zahl, die wir mögen: 1.

Eine Adresse für Standorte, Ansprechpartner, Leistungen und Registerdaten. Ein Datum an jeder Angabe. Eine unabhängige Verifizierung, die zeigt, dass alles stimmt.

Weniger Orte, weniger Fehler, mehr Vertrauen. Das ist MainProfil.

Kostenlos starten: mainprofil.com/registrieren

https://mainprofil.com/ig

#MainProfil #Unternehmensprofil #DigitaleIdentität #KostenlosStarten #KMU";2026-09-21;18:45:00;FALSE;FALSE;FALSE;FALSE;FALSE;TRUE;FALSE;FALSE;FALSE;FALSE;FALSE;https://raw.githubusercontent.com/mainprofil-app/mainprofil-social-assets/main/2026-09-21/2026-09-21-ig-04.png;;FALSE;POST;;
"Registerdaten sind unspektakulär – und genau deshalb der stärkste Vertrauensanker in einem Unternehmensprofil. Sie lassen sich nicht schönreden, nur nachschlagen.

Registergericht, Registernummer, eingetragene Rechtsform, vertretungsberechtigte Person – dazu das Datum, an dem das zuletzt bestätigt wurde.

Im MainProfil stehen sie an einer Stelle und sind Teil der unabhängigen Verifizierung.

Speichern und beim nächsten Profil-Check abhaken.

https://mainprofil.com/ig

#Handelsregister #Unternehmensdaten #MainProfil #KMU #Checkliste";2026-09-22;07:45:00;FALSE;FALSE;FALSE;FALSE;FALSE;TRUE;FALSE;FALSE;FALSE;FALSE;FALSE;https://raw.githubusercontent.com/mainprofil-app/mainprofil-social-assets/main/2026-09-22/2026-09-22-ig-01.png;;FALSE;POST;;
"Eine kritische Frage, die uns ein Geschäftsführer gestellt hat: „Warum läuft eure Verifizierung ab? Mein Unternehmen verschwindet ja nicht.“

Stimmt. Aber die Geschäftsführung wechselt, Standorte ziehen um, aus der GbR wird eine GmbH. Ein Siegel ohne Ablaufdatum bestätigt irgendwann einen Zustand, den es nicht mehr gibt – und niemand merkt es.

Deshalb läuft die Verifizierung bei MainProfil ab und wird erneuert. Nicht aus Misstrauen, sondern damit das Siegel in zwei Jahren noch dasselbe bedeutet wie heute.

Wie lange würden Sie einem Prüfergebnis vertrauen, ohne dass es erneuert wird?

https://mainprofil.com/li

#Verifizierung #Compliance #Vertrauen #Governance #MainProfil";2026-09-22;08:00:00;FALSE;FALSE;FALSE;TRUE;FALSE;FALSE;FALSE;FALSE;FALSE;FALSE;FALSE;https://raw.githubusercontent.com/mainprofil-app/mainprofil-social-assets/main/2026-09-22/2026-09-22-li-01.png;;FALSE;;;
"Kleine Aufgabe für heute: Googeln Sie Ihren eigenen Firmennamen und schauen Sie nur auf Seite 1.

Meist steht dort ein Branchenbucheintrag von vor Jahren, eine Bewertung ohne Antwort und irgendwo die eigene Website. Was fehlt: ein Ort, an dem alle Angaben aktuell und geprüft zusammenstehen.

Genau diesen Platz auf Seite 1 nimmt ein MainProfil ein.

Was steht bei Ihnen ganz oben? Überraschungen in die Kommentare.

https://mainprofil.com/fb

#Google #Sichtbarkeit #KMU #MainProfil #Selbsttest";2026-09-22;08:30:00;FALSE;TRUE;FALSE;FALSE;FALSE;FALSE;FALSE;FALSE;FALSE;FALSE;FALSE;https://raw.githubusercontent.com/mainprofil-app/mainprofil-social-assets/main/2026-09-22/2026-09-22-fb-01.png;;FALSE;;POST;
"Immer mehr Unternehmen entdecken Einträge über sich, die sie nicht selbst angelegt haben – bei Portalen, Verzeichnissen, und ja, auch bei MainProfil, wo über 100.000 Profile aus öffentlichen Registerdaten stammen.

So nicht: ignorieren, weil „uns das nicht betrifft“. Auf gut Glück ein zweites Profil anlegen und damit eine Dublette schaffen. Annehmen, die Angaben seien geprüft, nur weil sie öffentlich stehen.

So ja: Eintrag ansehen – was steht da, woher stammt es? Bei MainProfil steht die Quelle dabei, und der Hinweis „Noch nicht vom Inhaber bestätigt“. Dann übernehmen und selbst ergänzen, oder Falsches korrigieren bzw. das Profil entfernen lassen. Nach der Übernahme: Datum an jeder Angabe pflegen.

Das Prinzip gilt für jede Quelle: Wer die eigene Darstellung besetzt, muss sie nicht später erklären.

Wie gehen Sie in Ihrem Unternehmen mit fremd angelegten Einträgen um?

https://mainprofil.com/li/uebernehmen

#Unternehmensdaten #Reputation #Compliance #MainProfil #Mittelstand";2026-09-22;10:15:00;FALSE;FALSE;FALSE;TRUE;FALSE;FALSE;FALSE;FALSE;FALSE;FALSE;FALSE;https://raw.githubusercontent.com/mainprofil-app/mainprofil-social-assets/main/2026-09-22/2026-09-22-cl-01.png;;FALSE;;;
"Kunden prüfen nicht einmal, sondern dreimal: beim ersten Eindruck, vor dem Auftrag und vor der Zahlung.

Jedes Mal stellen sie dieselben Fragen – gibt es das Unternehmen, stimmen die Angaben, ist das noch aktuell. Und jedes Mal sollten sie dieselbe Antwort finden.

Ein MainProfil liefert sie an einer dauerhaften Adresse, mit Datum.

Speichern und die drei Momente im eigenen Prozess prüfen.

https://mainprofil.com/ig

#Kundenreise #Vertrauen #Unternehmensdaten #MainProfil #KMU";2026-09-22;11:30:00;FALSE;FALSE;FALSE;FALSE;FALSE;TRUE;FALSE;FALSE;FALSE;FALSE;FALSE;https://raw.githubusercontent.com/mainprofil-app/mainprofil-social-assets/main/2026-09-22/2026-09-22-ig-02.png;;FALSE;POST;;
"Ein Konzern muss seine Existenz nicht nachweisen. Sein Name reicht. Das ist Bekanntheit als Verifizierung – und sie steht nur wenigen zur Verfügung.

Der Mittelstand braucht einen Nachweis, der ohne Bekanntheit funktioniert. Unabhängig geprüft, datiert, für jede Unternehmensgröße zugänglich. Das ist der Gedanke hinter der MainProfil-Verifizierung.

Einspruch erlaubt: Ersetzt bei Ihnen Bekanntheit tatsächlich die Prüfung?

https://mainprofil.com/li

#Mittelstand #Verifizierung #Vertrauen #KMU #MainProfil";2026-09-22;12:15:00;FALSE;FALSE;FALSE;TRUE;FALSE;FALSE;FALSE;FALSE;FALSE;FALSE;FALSE;https://raw.githubusercontent.com/mainprofil-app/mainprofil-social-assets/main/2026-09-22/2026-09-22-li-02.png;;FALSE;;;
"Verbände, Kammern und Vereine kennen das Problem: Nach jeder Wahl stimmen die Ansprechpartner nicht mehr – auf der Website, im Verzeichnis, bei Google.

Drei Dinge helfen: Kontakte funktionsbezogen pflegen (Geschäftsstelle, Vorsitz) mit dem aktuellen Namen dazu. Den Wechsel zur Routine machen – nach jeder Wahl das Profil bestätigen. Und einen Ort haben, auf den alle anderen verweisen.

Ein MainProfil eignet sich genau dafür.

Wie oft wechseln bei Ihnen die Ansprechpartner?

https://mainprofil.com/fb

#Verband #Verein #Ansprechpartner #MainProfil #Datenpflege";2026-09-22;13:00:00;FALSE;TRUE;FALSE;FALSE;FALSE;FALSE;FALSE;FALSE;FALSE;FALSE;FALSE;https://raw.githubusercontent.com/mainprofil-app/mainprofil-social-assets/main/2026-09-22/2026-09-22-fb-02.png;;FALSE;;POST;
"Eine Visitenkarte hat Name, Adresse, Telefon. Ein belastbares Unternehmensprofil hat vier Dinge mehr:

A – eine dauerhafte Adresse, die bleibt.
B – alle relevanten Angaben gebündelt.
C – ein Datum an jeder einzelnen Angabe.
D – eine unabhängige Verifizierung der Identität.

Fehlt eines, ist es eine Visitenkarte. Sind alle vier da, ist es ein MainProfil.

Speichern für den nächsten Vergleich.

https://mainprofil.com/ig

#Unternehmensprofil #DigitaleIdentität #MainProfil #KMU #Vertrauen";2026-09-22;15:00:00;FALSE;FALSE;FALSE;FALSE;FALSE;TRUE;FALSE;FALSE;FALSE;FALSE;FALSE;https://raw.githubusercontent.com/mainprofil-app/mainprofil-social-assets/main/2026-09-22/2026-09-22-ig-03.png;;FALSE;POST;;
"Drei Orte, an denen Unternehmen heute stehen – und was jeder davon nicht kann.

Das Branchenbuch: gut auffindbar, aber oft veraltet und nur teilweise selbst pflegbar. Das Business-Netzwerk: aktuell im Ton, aber ohne Registerdaten, ohne Prüfung, und der Name der Seite ist morgen vielleicht ein anderer. Beide zeigen nicht, wann eine Angabe zuletzt bestätigt wurde.

MainProfil ist kein Ersatz für beide, sondern die Stelle, auf die beide verweisen sollten: dauerhafte Adresse, Registerdaten, datierte Angaben, unabhängige Verifizierung.

Welche Quelle nutzen Sie als verbindliche, wenn sich Angaben widersprechen?

https://mainprofil.com/li

#Unternehmensdaten #Branchenbuch #DigitaleIdentität #Mittelstand #MainProfil";2026-09-22;16:30:00;FALSE;FALSE;FALSE;TRUE;FALSE;FALSE;FALSE;FALSE;FALSE;FALSE;FALSE;https://raw.githubusercontent.com/mainprofil-app/mainprofil-social-assets/main/2026-09-22/2026-09-22-li-03.png;;FALSE;;;
"Ohne Wertung, reine Neugier: Wie oft prüfen Sie Ihre eigenen Unternehmensdaten im Netz?

A – monatlich oder öfter
B – ein- bis zweimal im Jahr
C – nur wenn sich etwas ändert
D – ehrlich: nie bewusst

Die meisten landen bei C oder D – und das ist kein Vorwurf, sondern der Grund, warum ein MainProfil an das Bestätigen erinnert.

Buchstabe in die Kommentare.

https://mainprofil.com/fb

#Umfrage #Datenpflege #KMU #MainProfil #Unternehmensdaten";2026-09-22;17:30:00;FALSE;TRUE;FALSE;FALSE;FALSE;FALSE;FALSE;FALSE;FALSE;FALSE;FALSE;https://raw.githubusercontent.com/mainprofil-app/mainprofil-social-assets/main/2026-09-22/2026-09-22-fb-03.png;;FALSE;;POST;
"Ein Blick ins Produkt: Im MainProfil steht an jeder Angabe, woher sie kommt. „Selbstverwaltet“ mit Datum – das Unternehmen pflegt es selbst. „Unabhängig geprüft“ – MainProfil hat es bestätigt.

Beides ist wichtig. Aber es wird nie vermischt.

MainProfil folgen für mehr Einblicke ins Produkt.

https://mainprofil.com/ig

#Produkt #Transparenz #Unternehmensprofil #MainProfil #Verifizierung";2026-09-22;19:30:00;FALSE;FALSE;FALSE;FALSE;FALSE;TRUE;FALSE;FALSE;FALSE;FALSE;FALSE;https://raw.githubusercontent.com/mainprofil-app/mainprofil-social-assets/main/2026-09-22/2026-09-22-ig-04.png;;FALSE;POST;;
"Bewertungen sind wichtig. Sie erzählen, wie eine Zusammenarbeit gelaufen ist.

Was sie nicht erzählen: ob das Unternehmen hinter den fünf Sternen wirklich das ist, das man gerade anruft. Dafür braucht es geprüfte Angaben – Registerdaten, Vertretung, Standort, mit Datum.

Beides zusammen ergibt ein Bild. Eines allein ist eine halbe Geschichte.

MainProfil folgen für den Blick auf die andere Hälfte.

https://mainprofil.com/ig

#Bewertungen #Vertrauen #Unternehmensprofil #MainProfil #KMU";2026-09-23;08:15:00;FALSE;FALSE;FALSE;FALSE;FALSE;TRUE;FALSE;FALSE;FALSE;FALSE;FALSE;https://raw.githubusercontent.com/mainprofil-app/mainprofil-social-assets/main/2026-09-23/2026-09-23-ig-01.png;;FALSE;POST;;
"Ein „verifiziert“-Häkchen ohne Begleitinformation ist eine Behauptung. Vier Angaben machen daraus ein Ergebnis:

Was wurde geprüft – Registerdaten, Vertretung, Kontakt?
Wer hat geprüft – und ist diese Stelle unabhängig vom Unternehmen?
Wann wurde geprüft?
Bis wann gilt das Ergebnis, und wie wird es erneuert?

MainProfil zeigt alle vier im Profil. Nicht, weil wir Bürokratie mögen, sondern weil ein Siegel ohne diese Angaben nichts aussagt.

Fehlt in Ihrer Erfahrung meist das „Wer“ oder das „Wann“?

https://mainprofil.com/li

#Verifizierung #Transparenz #Compliance #DueDiligence #MainProfil";2026-09-23;08:45:00;FALSE;FALSE;FALSE;TRUE;FALSE;FALSE;FALSE;FALSE;FALSE;FALSE;FALSE;https://raw.githubusercontent.com/mainprofil-app/mainprofil-social-assets/main/2026-09-23/2026-09-23-li-01.png;;FALSE;;;
"Kleine Recherche, die wehtut: Suchen Sie Ihren Firmennamen in verschiedenen Schreibweisen. Mit und ohne Umlaut, mit „&“ und „und“, mit und ohne Rechtsform.

Jede Variante ist für Suchmaschinen ein anderes Unternehmen. Und jede Variante kann jemand anderes besetzt haben.

Im MainProfil steht der Name so, wie er im Register eingetragen ist – als Anker für alle anderen Stellen.

Wie viele Varianten haben Sie gefunden?

https://mainprofil.com/fb

#Firmenname #Sichtbarkeit #KMU #MainProfil #Unternehmensdaten";2026-09-23;10:30:00;FALSE;TRUE;FALSE;FALSE;FALSE;FALSE;FALSE;FALSE;FALSE;FALSE;FALSE;https://raw.githubusercontent.com/mainprofil-app/mainprofil-social-assets/main/2026-09-23/2026-09-23-fb-01.png;;FALSE;;POST;
"Begriff erklärt: Aktualitätsdatum.

Wichtiger Unterschied: Es ist nicht das Datum der letzten Änderung, sondern das der letzten bewussten Bestätigung. Eine Adresse von 2019 kann heute noch stimmen – entscheidend ist, dass jemand das heute geprüft und bestätigt hat.

Genau dieses Datum trägt jede Angabe im MainProfil.

Speichern, wenn Sie den Unterschied das nächste Mal erklären müssen.

https://mainprofil.com/ig

#Begriffserklärung #Aktualität #Unternehmensdaten #MainProfil #DigitaleIdentität";2026-09-23;11:45:00;FALSE;FALSE;FALSE;FALSE;FALSE;TRUE;FALSE;FALSE;FALSE;FALSE;FALSE;https://raw.githubusercontent.com/mainprofil-app/mainprofil-social-assets/main/2026-09-23/2026-09-23-ig-02.png;;FALSE;POST;;
"Wer Ausschreibungen bearbeitet, kennt den Moment: Die Angebote sind fachlich gleichwertig – und dann entscheidet, wessen Unternehmensangaben sich ohne Rückfrage prüfen lassen.

Eigenerklärungen ohne Datum, Referenzen ohne Ansprechpartner, „Registerauszug auf Anfrage“ – all das kostet Zeit auf beiden Seiten. Registerdaten mit unabhängiger Prüfung, datierte Standorte und ein Ort, an dem das alles steht, kosten keine.

Ein MainProfil ist genau dieser Ort.

Was fehlt in den Unterlagen, die Sie bekommen, am häufigsten?

https://mainprofil.com/li

#Ausschreibung #Vergabe #Compliance #Mittelstand #MainProfil";2026-09-23;12:30:00;FALSE;FALSE;FALSE;TRUE;FALSE;FALSE;FALSE;FALSE;FALSE;FALSE;FALSE;https://raw.githubusercontent.com/mainprofil-app/mainprofil-social-assets/main/2026-09-23/2026-09-23-li-02.png;;FALSE;;;
"Frage aus der Community: „Ich bin Einzelunternehmer, ohne Handelsregister. Lohnt sich das für mich überhaupt?“

Unsere Antwort: gerade dann. Ohne Registereintrag fehlt Ihnen der klassische Nachweis, den GmbHs automatisch haben. Ein Profil mit datierten Angaben – Gewerbeanmeldung, USt-ID, Standort, Kontakt – und einer unabhängigen Prüfung schließt genau diese Lücke.

MainProfil ist kostenlos, ohne Kreditkarte.

Sind Sie als Einzelunternehmer unterwegs? Welche Nachweise werden von Ihnen am häufigsten verlangt?

https://mainprofil.com/fb

#Einzelunternehmer #Selbstständig #KMU #MainProfil #Unternehmensprofil";2026-09-23;13:30:00;FALSE;TRUE;FALSE;FALSE;FALSE;FALSE;FALSE;FALSE;FALSE;FALSE;FALSE;https://raw.githubusercontent.com/mainprofil-app/mainprofil-social-assets/main/2026-09-23/2026-09-23-fb-02.png;;FALSE;;POST;
"Das Tückische an falschen Unternehmensangaben: Niemand beschwert sich. Man ruft einfach beim nächsten an.

Fünf Kleinigkeiten, bei denen das passiert: eine Nummer ins Leere, widersprüchliche Öffnungszeiten, kein Mensch als Kontakt, eine alte Adresse und nirgends ein Hinweis, ob das alles noch gilt.

Ein MainProfil hält genau diese Angaben an einer Adresse aktuell – mit Datum.

Speichern und einmal ehrlich durchgehen.

https://mainprofil.com/ig

#Kunden #Unternehmensdaten #KMU #MainProfil #Fehler";2026-09-23;15:15:00;FALSE;FALSE;FALSE;FALSE;FALSE;TRUE;FALSE;FALSE;FALSE;FALSE;FALSE;https://raw.githubusercontent.com/mainprofil-app/mainprofil-social-assets/main/2026-09-23/2026-09-23-ig-03.png;;FALSE;POST;;
"„Datenqualität? Dafür ist die IT zuständig.“ Ein Satz, der in vielen Unternehmen erklärt, warum die eigenen Angaben nach außen veraltet sind.

Die IT stellt das Feld bereit. Ob darin der richtige Ansprechpartner steht, weiß nur die Fachabteilung. Und ob es überhaupt jemand regelmäßig prüft, ist eine Führungsentscheidung.

Ein MainProfil löst das nicht organisatorisch, aber es macht das Ergebnis sichtbar: Jede Angabe zeigt, wann sie zuletzt bestätigt wurde – und wer sie verantwortet.

Wer verantwortet bei Ihnen die Unternehmensangaben nach außen?

https://mainprofil.com/li

#Datenqualität #Führung #Organisation #Mittelstand #MainProfil";2026-09-23;16:15:00;FALSE;FALSE;FALSE;TRUE;FALSE;FALSE;FALSE;FALSE;FALSE;FALSE;FALSE;https://raw.githubusercontent.com/mainprofil-app/mainprofil-social-assets/main/2026-09-23/2026-09-23-li-03.png;;FALSE;;;
"Messesaison. Nach jedem guten Gespräch am Stand passiert dasselbe: Der Kontakt googelt Sie im Zug nach Hause.

Was er dann findet, entscheidet über den zweiten Kontakt. Deshalb vor der Messe prüfen: Stimmt der Firmenname mit dem Stand überein? Steht der Ansprechpartner, der dort war, auch online? Ist die Adresse aktuell, die Leistungsliste klar?

Und: Gibt es einen Link, der alles bündelt? Ein MainProfil passt auf jede Visitenkarte.

Welche Messe steht bei Ihnen als Nächstes an?

https://mainprofil.com/fb

#Messe #KMU #Vertrieb #MainProfil #Unternehmensdaten";2026-09-23;17:00:00;FALSE;TRUE;FALSE;FALSE;FALSE;FALSE;FALSE;FALSE;FALSE;FALSE;FALSE;https://raw.githubusercontent.com/mainprofil-app/mainprofil-social-assets/main/2026-09-23/2026-09-23-fb-03.png;;FALSE;;POST;
"Wer darf eigentlich sagen, was über Ihr Unternehmen im Netz steht?

Das Register: Firmierung, Nummer, Sitz – das ist öffentlich und steht überall. Portale: Sie kopieren, was sie finden, mal richtig, mal alt. Und Sie? Alles Weitere – Ansprechpartner, Leistungen, Zeiten, und vor allem das Datum, wann das stimmt.

Auf MainProfil ist Ihr Profil aus Registerdaten schon angelegt und als „Noch nicht vom Inhaber bestätigt“ gekennzeichnet. Übernehmen Sie es kostenlos, und der Rest gehört Ihnen. Oder lassen Sie korrigieren bzw. entfernen.

Folgen für mehr zum Thema Unternehmensdaten.

https://mainprofil.com/ig/uebernehmen

#Unternehmensdaten #MainProfil #Sichtbarkeit #KMU #Handwerk";2026-09-23;17:00:00;FALSE;FALSE;FALSE;FALSE;FALSE;TRUE;FALSE;FALSE;FALSE;FALSE;FALSE;https://raw.githubusercontent.com/mainprofil-app/mainprofil-social-assets/main/2026-09-23/2026-09-23-cl-01.png;;FALSE;POST;;
"Kein Plädoyer gegen gutes Design. Ein Plädoyer für die Reihenfolge.

Erst die Angaben, die sich prüfen lassen – Registerdaten, Ansprechpartner, Standorte, mit Datum. Dann die Gestaltung. Wer es umgekehrt macht, hat eine schöne Bühne und kein Fundament.

Ein MainProfil ist das Fundament.

Folgen für mehr klare Prioritäten rund um Unternehmensdaten.

https://mainprofil.com/ig

#Prioritäten #Unternehmensdaten #Design #MainProfil #DigitaleIdentität";2026-09-23;18:45:00;FALSE;FALSE;FALSE;FALSE;FALSE;TRUE;FALSE;FALSE;FALSE;FALSE;FALSE;https://raw.githubusercontent.com/mainprofil-app/mainprofil-social-assets/main/2026-09-23/2026-09-23-ig-04.png;;FALSE;POST;;
"Vier Fragen, die jeder stellt, der ein Unternehmen prüft: Wer? Wo? Was? Wann?

Wer steht dahinter – Rechtsform, Vertretung, Registerdaten. Wo ist es erreichbar – Standorte, Zeiten, Kontakt. Was bietet es an – konkret, nicht als Floskel. Und wann wurde das alles zuletzt bestätigt?

Die vierte Frage beantwortet fast kein Profil. Ein MainProfil schon.

Speichern für den nächsten Profil-Check.

https://mainprofil.com/ig

#Unternehmensprofil #Struktur #MainProfil #KMU #DigitaleIdentität";2026-09-24;07:45:00;FALSE;FALSE;FALSE;FALSE;FALSE;TRUE;FALSE;FALSE;FALSE;FALSE;FALSE;https://raw.githubusercontent.com/mainprofil-app/mainprofil-social-assets/main/2026-09-24/2026-09-24-ig-01.png;;FALSE;POST;;
"Zwischen zwei Verifizierungen liegt bei MainProfil rund ein Jahr. Was passiert in der Zeit?

Das Unternehmen pflegt seine Angaben selbst – neuer Standort, neuer Ansprechpartner, neue Leistung. Jede Änderung ist als Eigenangabe gekennzeichnet und trägt ein Datum. Bei der nächsten Prüfung werden genau diese Eigenangaben wieder unabhängig abgeglichen.

So bleibt sichtbar, was geprüft ist und was seit der Prüfung dazukam. Nichts wird verschleiert, nichts eingefroren.

Wie gehen Sie in Ihren Systemen mit Änderungen zwischen zwei Prüfzyklen um?

https://mainprofil.com/li

#Verifizierung #Datenpflege #Compliance #Prozess #MainProfil";2026-09-24;08:00:00;FALSE;FALSE;FALSE;TRUE;FALSE;FALSE;FALSE;FALSE;FALSE;FALSE;FALSE;https://raw.githubusercontent.com/mainprofil-app/mainprofil-social-assets/main/2026-09-24/2026-09-24-li-01.png;;FALSE;;;
"Weil die Frage oft kommt: Ja, das MainProfil ist kostenlos, und nein, es braucht keine Kreditkarte.

Dauerhafte Adresse, alle Kernangaben, Aktualitätsdatum an jeder Angabe – das ist im kostenlosen Profil enthalten. Die unabhängige Verifizierung ist ein eigener Schritt und kein Tarifmerkmal.

Kostenlos starten: mainprofil.com/registrieren

Fragen zum Start? Einfach hier in die Kommentare.

https://mainprofil.com/fb

#KostenlosStarten #KMU #Unternehmensprofil #MainProfil #Digitalisierung";2026-09-24;08:30:00;FALSE;TRUE;FALSE;FALSE;FALSE;FALSE;FALSE;FALSE;FALSE;FALSE;FALSE;https://raw.githubusercontent.com/mainprofil-app/mainprofil-social-assets/main/2026-09-24/2026-09-24-fb-01.png;;FALSE;;POST;
"Sie haben Ihr Profil auf MainProfil übernommen – die Prüfung ist durch, der Hinweis „Noch nicht vom Inhaber bestätigt“ ist weg. Und jetzt?

Tipp 1: Ansprechpartner eintragen. Name, Funktion, Erreichbarkeit – genau das kennt kein Register. Tipp 2: Leistungen und Öffnungszeiten ergänzen, mit Gültig-ab-Datum. Tipp 3: Angaben bestätigen. Ein Klick, ein Datum – ab jetzt sieht jeder, wann Sie zuletzt draufgeschaut haben.

Eine Stunde, und aus Registerdaten ist ein Profil geworden, das Fragen beantwortet, bevor jemand anruft. Die Verifizierung ist ein eigener, getrennter Schritt – wenn Sie möchten, später.

Welche der drei Angaben fehlt bei Ihnen online am häufigsten?

https://mainprofil.com/fb/uebernehmen

#Tipps #Unternehmensprofil #MainProfil #Erreichbarkeit #KMU";2026-09-24;11:00:00;FALSE;TRUE;FALSE;FALSE;FALSE;FALSE;FALSE;FALSE;FALSE;FALSE;FALSE;https://raw.githubusercontent.com/mainprofil-app/mainprofil-social-assets/main/2026-09-24/2026-09-24-cl-01.png;;FALSE;;POST;
"Eine ehrliche Frage verdient eine ehrliche Antwort: Was passiert, wenn Sie Ihr MainProfil nicht mehr pflegen?

Es bleibt online. Aber jede Angabe zeigt, wann sie zuletzt bestätigt wurde – und dieses Datum wird älter. Die Verifizierung läuft ab und erlischt sichtbar.

Das ist kein Fehler, sondern Absicht. Aktualität lässt sich in einem MainProfil nicht vortäuschen. Genau deshalb kann man dem Datum vertrauen.

Folgen für mehr ehrliche Antworten.

https://mainprofil.com/ig

#FAQ #Aktualität #Transparenz #MainProfil #Unternehmensprofil";2026-09-24;11:30:00;FALSE;FALSE;FALSE;FALSE;FALSE;TRUE;FALSE;FALSE;FALSE;FALSE;FALSE;https://raw.githubusercontent.com/mainprofil-app/mainprofil-social-assets/main/2026-09-24/2026-09-24-ig-02.png;;FALSE;POST;;
"Compliance-Prüfungen von Geschäftspartnern sind kein Geheimnis. Die Liste ist fast überall gleich: Registerdaten und Rechtsform, vertretungsberechtigte Person, ggf. wirtschaftlich Berechtigte, USt-ID und Standorte – und der Nachweis, wer das wann geprüft hat.

Das Problem ist selten die Liste. Es ist, dass diese Angaben bei den meisten Unternehmen an fünf Orten liegen und nirgends datiert sind.

Ein MainProfil bündelt sie an einer Adresse und trennt sichtbar, was unabhängig geprüft ist.

Welcher Punkt dieser Liste verursacht in Ihrem Onboarding die meisten Schleifen?

https://mainprofil.com/li

#Compliance #KYB #Lieferantenmanagement #Mittelstand #MainProfil";2026-09-24;12:15:00;FALSE;FALSE;FALSE;TRUE;FALSE;FALSE;FALSE;FALSE;FALSE;FALSE;FALSE;https://raw.githubusercontent.com/mainprofil-app/mainprofil-social-assets/main/2026-09-24/2026-09-24-li-02.png;;FALSE;;;
"Begriff erklärt: Impressum.

Die Anbieterkennzeichnung ist gesetzlich vorgeschrieben: Name, Anschrift, Vertretung, Kontaktmöglichkeit sowie Register- und Steuerangaben, abhängig von der Rechtsform. So weit die Pflicht.

Was im Impressum nicht steht: wann die Angaben zuletzt geprüft wurden und ob jemand Unabhängiger sie bestätigt hat. Genau das ergänzt ein MainProfil.

Hinweis: Das ist keine Rechtsberatung – bei Fragen zur Impressumspflicht hilft die IHK oder ein Anwalt.

Wann haben Sie Ihr Impressum zuletzt aktualisiert?

https://mainprofil.com/fb

#Impressum #Begriffserklärung #KMU #MainProfil #Unternehmensdaten";2026-09-24;13:00:00;FALSE;TRUE;FALSE;FALSE;FALSE;FALSE;FALSE;FALSE;FALSE;FALSE;FALSE;https://raw.githubusercontent.com/mainprofil-app/mainprofil-social-assets/main/2026-09-24/2026-09-24-fb-02.png;;FALSE;;POST;
"Fünf Filialen bedeuten fünf Adressen, fünf Öffnungszeiten, fünf Ansprechpartner – und eine Frage: Wo stehen die alle zusammen?

Im MainProfil hat jeder Standort seine eigenen Angaben, aber alle stehen unter einer dauerhaften Adresse. Wer eine Filiale sucht, findet alle.

Speichern, wenn Sie mehr als einen Standort haben.

https://mainprofil.com/ig

#Filialen #Standorte #Einzelhandel #MainProfil #Unternehmensdaten";2026-09-24;15:00:00;FALSE;FALSE;FALSE;FALSE;FALSE;TRUE;FALSE;FALSE;FALSE;FALSE;FALSE;https://raw.githubusercontent.com/mainprofil-app/mainprofil-social-assets/main/2026-09-24/2026-09-24-ig-03.png;;FALSE;POST;;
"These zur Diskussion: Früher entstand Vertrauen zwischen Unternehmen über Beziehungen – man kannte sich, man kannte jemanden, der jemanden kannte.

Heute entsteht es über Infrastruktur: prüfbare Angaben, unabhängige Bestätigung, ein Datum. Nicht, weil Beziehungen unwichtig wären, sondern weil sie nicht skalieren. Niemand kennt alle 500 Lieferanten persönlich.

MainProfil ist ein Stück dieser Infrastruktur: eine dauerhafte Adresse, an der Identität nachvollziehbar wird – für Unternehmen, die sich noch nie begegnet sind.

Widerspruch? Wo ersetzt bei Ihnen Beziehung noch die Prüfung?

https://mainprofil.com/li

#Vertrauen #B2B #Infrastruktur #Mittelstand #MainProfil";2026-09-24;16:30:00;FALSE;FALSE;FALSE;TRUE;FALSE;FALSE;FALSE;FALSE;FALSE;FALSE;FALSE;https://raw.githubusercontent.com/mainprofil-app/mainprofil-social-assets/main/2026-09-24/2026-09-24-li-03.png;;FALSE;;;
"Bewertungen und Unternehmensangaben leben oft in getrennten Welten. Zusammen wirken sie stärker.

Drei Dinge, die helfen: Auf Bewertungen mit Namen und Funktion antworten, nicht als anonymes „Team“. Das Bewertungsprofil vom Unternehmensprofil aus verlinken – und zurück. Und die Angaben datieren, damit neben den Sternen sichtbar ist: Dieses Unternehmen ist heute noch das, das bewertet wurde.

Ein MainProfil bündelt beides.

Antworten Sie auf Ihre Bewertungen?

https://mainprofil.com/fb

#Bewertungen #Kundenservice #KMU #MainProfil #Vertrauen";2026-09-24;17:30:00;FALSE;TRUE;FALSE;FALSE;FALSE;FALSE;FALSE;FALSE;FALSE;FALSE;FALSE;https://raw.githubusercontent.com/mainprofil-app/mainprofil-social-assets/main/2026-09-24/2026-09-24-fb-03.png;;FALSE;;POST;
"„Wir haben nichts zu verbergen, wozu Verifizierung?“ – verständlicher Gedanke, aber am Thema vorbei.

Die Prüfung ist nicht für Sie. Sie ist für die Menschen, die Sie noch nicht kennen und trotzdem entscheiden müssen, ob sie Ihnen einen Auftrag geben, eine Rechnung bezahlen oder einen Vertrag unterschreiben.

MainProfil macht diese Entscheidung leichter – mit einer unabhängigen Prüfung, die für die anderen da ist.

Folgen für mehr Perspektivwechsel.

https://mainprofil.com/ig

#MythosFakt #Verifizierung #Vertrauen #MainProfil #KMU";2026-09-24;19:30:00;FALSE;FALSE;FALSE;FALSE;FALSE;TRUE;FALSE;FALSE;FALSE;FALSE;FALSE;https://raw.githubusercontent.com/mainprofil-app/mainprofil-social-assets/main/2026-09-24/2026-09-24-ig-04.png;;FALSE;POST;;
"Die E-Mail-Signatur ist die meistgelesene Unternehmensangabe überhaupt – hundertmal am Tag, bei jedem Empfänger.

Fünf Dinge gehören hinein: Name mit Funktion, die Firmierung exakt wie im Register, eine Durchwahl, Registergericht und -nummer – und ein Link auf die eine Adresse, an der alles Weitere steht und ein Datum trägt.

So wird jede Mail zu einem kleinen Nachweis.

Speichern und die eigene Signatur prüfen.

https://mainprofil.com/ig

#Signatur #Unternehmensdaten #MainProfil #KMU #Checkliste";2026-09-25;07:45:00;FALSE;FALSE;FALSE;FALSE;FALSE;TRUE;FALSE;FALSE;FALSE;FALSE;FALSE;https://raw.githubusercontent.com/mainprofil-app/mainprofil-social-assets/main/2026-09-25/2026-09-25-ig-01.png;;FALSE;POST;;
"Vertragsverhandlungen dauern selten wegen des Preises so lange. Sie dauern, weil beide Seiten Angaben prüfen: Wer unterschreibt eigentlich? Stimmt die Firmierung? Ist die Anschrift die im Register?

Jede Angabe, die bereits unabhängig geprüft und datiert vorliegt, ist eine Rückfrage weniger – und damit eine Runde weniger.

Das ist der nüchterne Nutzen einer Verifizierung: nicht Prestige, sondern Zeit.

Welche Angabe kostet in Ihren Verhandlungen am meisten Rückfragen?

https://mainprofil.com/li

#Vertragsverhandlung #B2B #Verifizierung #Mittelstand #MainProfil";2026-09-25;08:00:00;FALSE;FALSE;FALSE;TRUE;FALSE;FALSE;FALSE;FALSE;FALSE;FALSE;FALSE;https://raw.githubusercontent.com/mainprofil-app/mainprofil-social-assets/main/2026-09-25/2026-09-25-li-01.png;;FALSE;;;
"Kennen Sie das Gefühl, vor einem Laden zu stehen, der laut Internet offen sein müsste? Ihre Kunden kennen es auch.

Die fünf häufigsten Fehler: Sommer- und Winterzeiten werden nie umgestellt. Feiertage stehen nur am Zettel an der Tür. Google, Website und Branchenbuch zeigen drei Versionen. Die Mittagspause fehlt. Und nirgends steht, wann das zuletzt geprüft wurde.

Im MainProfil gibt es Öffnungszeiten einmal, mit Datum – alle anderen Stellen verweisen darauf.

Wie oft im Jahr ändern sich bei Ihnen die Öffnungszeiten?

https://mainprofil.com/fb

#Öffnungszeiten #Einzelhandel #KMU #MainProfil #Kundenservice";2026-09-25;08:30:00;FALSE;TRUE;FALSE;FALSE;FALSE;FALSE;FALSE;FALSE;FALSE;FALSE;FALSE;https://raw.githubusercontent.com/mainprofil-app/mainprofil-social-assets/main/2026-09-25/2026-09-25-fb-01.png;;FALSE;;POST;
"Eine Frage, die wir oft hören: „Sieht dann jeder, wann ich zuletzt bestätigt habe?“

Ja. Genau das ist der Sinn. Wer Ihre Angaben liest, sieht auf einen Blick, ob sie von gestern oder von vor zwei Jahren sind – und muss nicht mehr anrufen, um sicherzugehen.

Ein sichtbares Datum ist kein Pranger. Es ist Nachvollziehbarkeit, die Ihnen Rückfragen spart.

MainProfil folgen für klare Antworten rund um Unternehmensdaten.

https://mainprofil.com/ig

#FAQ #Aktualität #Transparenz #MainProfil #Unternehmensprofil";2026-09-25;11:30:00;FALSE;FALSE;FALSE;FALSE;FALSE;TRUE;FALSE;FALSE;FALSE;FALSE;FALSE;https://raw.githubusercontent.com/mainprofil-app/mainprofil-social-assets/main/2026-09-25/2026-09-25-ig-02.png;;FALSE;POST;;
"Der Einkauf hat drei Quellen, wenn er ein Unternehmen prüft – und jede liefert etwas anderes.

Die Auskunftei liefert Bonität, kostet Geld und kennt keine Ansprechpartner. Das Registerportal liefert die amtliche Wahrheit, aber weder Standorte noch Erreichbarkeit. Ein MainProfil ersetzt keine der beiden – es ergänzt sie um das, was im Alltag fehlt: gebündelte, datierte Angaben, die das Unternehmen selbst pflegt und die unabhängig geprüft sind.

Drei Quellen, ein Bild. Welche fehlt in Ihrem Prüfprozess am häufigsten?

https://mainprofil.com/li

#Einkauf #Lieferantenprüfung #Compliance #Procurement #MainProfil";2026-09-25;12:15:00;FALSE;FALSE;FALSE;TRUE;FALSE;FALSE;FALSE;FALSE;FALSE;FALSE;FALSE;https://raw.githubusercontent.com/mainprofil-app/mainprofil-social-assets/main/2026-09-25/2026-09-25-li-02.png;;FALSE;;;
"Ein ganz normaler Dienstag in einem Betrieb, den es wirklich gibt: Um 9:10 fragt ein Kunde, ob man umgezogen sei – das Branchenbuch zeigt die alte Adresse. Um 13:40 will ein Lieferant wissen, wer jetzt zuständig ist – auf der Website steht ein Name von 2022. Um 17:05 steht jemand vor der Tür, weil Google „geöffnet“ sagt.

Drei Anrufe, drei Stellen, ein Grund: Es gibt keinen Ort, der alles stimmig zusammenhält.

Wie viele solcher Anrufe bekommen Sie in einer Woche?

https://mainprofil.com/fb

#Alltag #KMU #Unternehmensdaten #MainProfil #Kundenservice";2026-09-25;13:00:00;FALSE;TRUE;FALSE;FALSE;FALSE;FALSE;FALSE;FALSE;FALSE;FALSE;FALSE;https://raw.githubusercontent.com/mainprofil-app/mainprofil-social-assets/main/2026-09-25/2026-09-25-fb-02.png;;FALSE;;POST;
"Registerdaten sind ein guter Anfang und ein schlechtes Ende.

Sie beantworten drei Fragen zuverlässig: Wie heißt das Unternehmen genau? Unter welcher Nummer ist es eingetragen? Wo sitzt es? Für Einkauf und Compliance ist das die Basis jeder Prüfung.

Was sie nicht beantworten: Wer ist zuständig? Was bietet das Unternehmen an? Wann ist es erreichbar? Und wann wurde das zuletzt bestätigt?

Auf MainProfil stehen über 100.000 Profile aus öffentlichen Registerdaten, gekennzeichnet als „Noch nicht vom Inhaber bestätigt“. Die Übernahme kostet nichts, braucht ein Unternehmenskonto und eine geschäftliche E-Mail – und wird von MainProfil geprüft, damit niemand ein fremdes Profil übernimmt. Die unabhängige Verifizierung bleibt ein eigener Schritt.

Welche Fragen stellt Ihr Einkauf, die kein Register beantwortet?

https://mainprofil.com/li/uebernehmen

#Registerdaten #Einkauf #Lieferantenmanagement #MainProfil #Compliance";2026-09-25;14:15:00;FALSE;FALSE;FALSE;TRUE;FALSE;FALSE;FALSE;FALSE;FALSE;FALSE;FALSE;https://raw.githubusercontent.com/mainprofil-app/mainprofil-social-assets/main/2026-09-25/2026-09-25-cl-01.png;;FALSE;;;
"365 Tage im Jahr, dieselbe Adresse.

Kampagnen enden. Posts verschwinden nach 48 Stunden aus dem Feed. Plattformen ändern ihre Regeln. Eine dauerhafte digitale Adresse für Ihr Unternehmen bleibt, wo sie ist – und wird mit jeder Bestätigung aktueller statt älter.

Dafür ist MainProfil gebaut.

Kostenlos starten: mainprofil.com/registrieren

https://mainprofil.com/ig

#MainProfil #DigitaleAdresse #Unternehmensprofil #KMU #Dauerhaft";2026-09-25;15:00:00;FALSE;FALSE;FALSE;FALSE;FALSE;TRUE;FALSE;FALSE;FALSE;FALSE;FALSE;https://raw.githubusercontent.com/mainprofil-app/mainprofil-social-assets/main/2026-09-25/2026-09-25-ig-03.png;;FALSE;POST;;
"Ein Wechsel in der Geschäftsführung ist der Moment, in dem Unternehmensangaben am schnellsten veralten – und am genauesten gelesen werden.

So nicht: Der alte Name bleibt monatelang im Impressum, die Registeranmeldung kommt „irgendwann“, das Profil wird nicht bestätigt.

So ja: Register zuerst. Impressum und MainProfil am selben Tag. Ansprechpartner mit neuer Funktion. Und die Verifizierung erneuern, damit das Siegel den neuen Zustand bestätigt – nicht den alten.

Wie lange hat der letzte Wechsel bei Ihnen gebraucht, bis alle Angaben stimmten?

https://mainprofil.com/li

#Geschäftsführung #Governance #Handelsregister #Mittelstand #MainProfil";2026-09-25;16:30:00;FALSE;FALSE;FALSE;TRUE;FALSE;FALSE;FALSE;FALSE;FALSE;FALSE;FALSE;https://raw.githubusercontent.com/mainprofil-app/mainprofil-social-assets/main/2026-09-25/2026-09-25-li-03.png;;FALSE;;;
"Freitagsfrage, ganz praktisch: Wer in Ihrem Betrieb darf Unternehmensdaten ändern – Adresse, Öffnungszeiten, Ansprechpartner?

Bei vielen ist die ehrliche Antwort „wer gerade Zeit hat“. Dann stehen drei Versionen im Netz. Bei anderen „nur der Chef“ – dann passiert monatelang nichts.

Am besten funktioniert: eine benannte Person mit Vertretung, ein Ort (das MainProfil) und ein Datum an jeder Änderung.

Welche Option trifft bei Ihnen zu?

https://mainprofil.com/fb

#Zuständigkeit #Datenpflege #KMU #MainProfil #Organisation";2026-09-25;17:30:00;FALSE;TRUE;FALSE;FALSE;FALSE;FALSE;FALSE;FALSE;FALSE;FALSE;FALSE;https://raw.githubusercontent.com/mainprofil-app/mainprofil-social-assets/main/2026-09-25/2026-09-25-fb-03.png;;FALSE;;POST;
"Ein Blick ins Produkt: Ansprechpartner im MainProfil sind keine Namensliste. Jeder Eintrag hat eine Funktion, einen direkten Kontaktweg und das Datum der letzten Bestätigung.

So weiß der Anrufer, dass er nicht bei jemandem landet, der seit zwei Jahren nicht mehr im Haus ist.

MainProfil folgen für mehr Einblicke ins Produkt.

https://mainprofil.com/ig

#Produkt #Ansprechpartner #Unternehmensprofil #MainProfil #Erreichbarkeit";2026-09-25;19:30:00;FALSE;FALSE;FALSE;FALSE;FALSE;TRUE;FALSE;FALSE;FALSE;FALSE;FALSE;https://raw.githubusercontent.com/mainprofil-app/mainprofil-social-assets/main/2026-09-25/2026-09-25-ig-04.png;;FALSE;POST;;
"Gastronomen kennen das: Der Gast hat online die Karte von letztem Jahr gefunden und wundert sich über die Preise. Oder er kommt am Ruhetag.

Drei Dinge helfen: Die Speisekarte an einem Ort, als Datei mit Datum. Öffnungszeiten mit Ausnahmen – Küche bis, Bar bis, Ruhetag. Und ein Reservierungskanal, der tatsächlich gelesen wird.

Ein MainProfil bündelt genau das an einer dauerhaften Adresse, auf die Google, Instagram und die Website verweisen.

Speichern und an den Gastro-Freund weitergeben.

https://mainprofil.com/ig

#Gastronomie #Restaurant #Öffnungszeiten #MainProfil #KMU";2026-09-26;08:15:00;FALSE;FALSE;FALSE;FALSE;FALSE;TRUE;FALSE;FALSE;FALSE;FALSE;FALSE;https://raw.githubusercontent.com/mainprofil-app/mainprofil-social-assets/main/2026-09-26/2026-09-26-ig-01.png;;FALSE;POST;;
"Ein Unternehmensprofil hat mehr Leser, als man denkt – und jeder stellt eine andere Frage.

Der Einkauf will wissen, ob das Unternehmen so existiert, wie es auftritt. Compliance fragt nach Vertretungsberechtigung und Registerdaten. Der Vertrieb sucht den richtigen Ansprechpartner. Die Buchhaltung prüft, ob die Firmierung auf der Rechnung zur eingetragenen passt.

Vier Fragen, eine Adresse, ein Datum an jeder Antwort. Das ist die Idee.

Welche Rolle prüft in Ihrem Haus am gründlichsten?

https://mainprofil.com/li

#Einkauf #Compliance #Vertrieb #Unternehmensdaten #MainProfil";2026-09-26;08:45:00;FALSE;FALSE;FALSE;TRUE;FALSE;FALSE;FALSE;FALSE;FALSE;FALSE;FALSE;https://raw.githubusercontent.com/mainprofil-app/mainprofil-social-assets/main/2026-09-26/2026-09-26-li-01.png;;FALSE;;;
"„Uns googelt doch keiner.“ Ein Satz, den wir oft von kleinen Betrieben hören.

Das Gegenteil stimmt: Gerade wer nicht bekannt ist, wird vor dem ersten Anruf geprüft. Und wer dann nur einen Branchenbucheintrag von 2019 findet, wählt die nächste Nummer.

Ein MainProfil ist für kleine Betriebe kostenlos – damit die erste Prüfung nicht die letzte bleibt.

Wann haben Sie sich zuletzt selbst gegoogelt?

https://mainprofil.com/fb

#Kleinunternehmen #Handwerk #Sichtbarkeit #MainProfil #MythosFakt";2026-09-26;10:30:00;FALSE;TRUE;FALSE;FALSE;FALSE;FALSE;FALSE;FALSE;FALSE;FALSE;FALSE;https://raw.githubusercontent.com/mainprofil-app/mainprofil-social-assets/main/2026-09-26/2026-09-26-fb-01.png;;FALSE;;POST;
"Begriff des Tages: Selbstauskunft.

Das ist alles, was ein Unternehmen über sich selbst sagt – Leistungen, Standorte, Ansprechpartner, Öffnungszeiten. Sie ist unverzichtbar, weil niemand diese Dinge besser weiß als das Unternehmen selbst.

Was sie nicht kann: beweisen, dass es das Unternehmen so gibt. Deshalb steht sie im MainProfil als „selbstverwaltet“ mit Datum – und die Identität wird getrennt davon unabhängig geprüft.

Speichern für das nächste Gespräch über „verifiziert“.

https://mainprofil.com/ig

#Begriffserklärung #Selbstauskunft #Verifizierung #MainProfil #Unternehmensdaten";2026-09-26;11:45:00;FALSE;FALSE;FALSE;FALSE;FALSE;TRUE;FALSE;FALSE;FALSE;FALSE;FALSE;https://raw.githubusercontent.com/mainprofil-app/mainprofil-social-assets/main/2026-09-26/2026-09-26-ig-02.png;;FALSE;POST;;
"Neunzig Tage nach der Gründung existiert ein Unternehmen an etwa zwölf Stellen im Netz. An dreien stimmen die Angaben vollständig.

Tag 1: die amtliche Version im Register. Tag 30: Website, Social-Profile, Branchenbücher – und die erste Abweichung. Tag 90: Der erste Kunde vergleicht drei Quellen und fragt sich, welche gilt.

Wer früh eine verbindliche Adresse festlegt, auf die alle anderen verweisen, erspart sich Jahre an Korrekturen. Ein MainProfil ist genau für diesen Moment gedacht.

An wie vielen Stellen existiert Ihr Unternehmen heute?

https://mainprofil.com/li

#Gründung #Startup #Unternehmensdaten #MainProfil #Mittelstand";2026-09-26;12:30:00;FALSE;FALSE;FALSE;TRUE;FALSE;FALSE;FALSE;FALSE;FALSE;FALSE;FALSE;https://raw.githubusercontent.com/mainprofil-app/mainprofil-social-assets/main/2026-09-26/2026-09-26-li-02.png;;FALSE;;;
"Pflegedienste, Fahrschulen, Monteure, Fotografen: Viele Betriebe haben kein Ladengeschäft, in das Kunden hineinlaufen können.

Umso wichtiger ist die digitale Adresse. Wer Sie findet, muss sehen: Wer steht dahinter, welches Gebiet bedienen Sie, wie erreicht man Sie – und wann wurde das zuletzt bestätigt.

Ein MainProfil ist die feste Adresse für Betriebe, die überall sind.

Sind Sie ein Betrieb ohne Ladentür? Erzählen Sie in den Kommentaren, was Sie machen.

https://mainprofil.com/fb

#MobilerBetrieb #Dienstleister #KMU #MainProfil #Sichtbarkeit";2026-09-26;13:30:00;FALSE;TRUE;FALSE;FALSE;FALSE;FALSE;FALSE;FALSE;FALSE;FALSE;FALSE;https://raw.githubusercontent.com/mainprofil-app/mainprofil-social-assets/main/2026-09-26/2026-09-26-fb-02.png;;FALSE;;POST;
"Die Adresse ist da. Der Inhalt fehlt.

Über 100.000 Unternehmen in Rhein-Main, Unterfranken und Main-Tauber haben bereits eine dauerhafte Adresse auf MainProfil – angelegt aus öffentlichen Registerdaten, gekennzeichnet als „Noch nicht vom Inhaber bestätigt“.

Was fehlt, kennt nur das Unternehmen selbst: wer zuständig ist, was es anbietet, wann es erreichbar ist. Übernehmen, ergänzen, bestätigen – kostenlos, ohne Kreditkarte. Wer nicht möchte, lässt korrigieren oder entfernen.

Speichern, wenn Sie in einer dieser Regionen sitzen.

https://mainprofil.com/ig/uebernehmen

#RheinMain #Unterfranken #MainTauber #MainProfil #Unternehmensprofil";2026-09-26;13:30:00;FALSE;FALSE;FALSE;FALSE;FALSE;TRUE;FALSE;FALSE;FALSE;FALSE;FALSE;https://raw.githubusercontent.com/mainprofil-app/mainprofil-social-assets/main/2026-09-26/2026-09-26-cl-01.png;;FALSE;POST;;
"Samstagsfrage: Geben Sie einem Freund Ihren Firmennamen und 30 Sekunden. Was findet er heraus?

Meist: den Namen in drei Schreibweisen, eine oder zwei Adressen, vielleicht eine Telefonnummer. Selten: wer dahintersteht, ob das aktuell ist und ob es jemand geprüft hat.

Ein MainProfil beantwortet genau das in den ersten 30 Sekunden.

Probieren Sie es aus – und speichern Sie den Post als Erinnerung.

https://mainprofil.com/ig

#Selbsttest #ErsterEindruck #Unternehmensprofil #MainProfil #KMU";2026-09-26;15:15:00;FALSE;FALSE;FALSE;FALSE;FALSE;TRUE;FALSE;FALSE;FALSE;FALSE;FALSE;https://raw.githubusercontent.com/mainprofil-app/mainprofil-social-assets/main/2026-09-26/2026-09-26-ig-03.png;;FALSE;POST;;
"Eine Frage, die uns Compliance-Verantwortliche stellen: „Und was, wenn eine Angabe im Profil trotzdem falsch ist?“

Dann passiert Folgendes: Der Hinweis geht ein, datiert und mit Beleg. MainProfil prüft gegen Register und Unternehmen. Die Angabe wird berichtigt – und das neue Datum zeigt, wann.

Verifizierung bedeutet nicht, dass nie etwas falsch ist. Sie bedeutet, dass Fehler einen sichtbaren, nachvollziehbaren Weg zur Korrektur haben. Das unterscheidet sie von einer Behauptung.

Wie werden Korrekturen in Ihren Lieferantenstammdaten heute dokumentiert?

https://mainprofil.com/li

#Compliance #Datenqualität #Verifizierung #Governance #MainProfil";2026-09-26;16:15:00;FALSE;FALSE;FALSE;TRUE;FALSE;FALSE;FALSE;FALSE;FALSE;FALSE;FALSE;https://raw.githubusercontent.com/mainprofil-app/mainprofil-social-assets/main/2026-09-26/2026-09-26-li-03.png;;FALSE;;;
"Die Social-Media-Bio ist kein Ort für Fakten, die sich ändern. Dafür ist sie zu klein, zu unübersichtlich und zu selten gepflegt.

So nicht: fünf Links, die Adresse von 2021, Öffnungszeiten im Story-Highlight, Impressum „auf Anfrage“.

So ja: eine Kurzbeschreibung, ein Link auf das MainProfil – dort stehen Adresse, Zeiten, Ansprechpartner und Impressum, jeweils mit Datum. Der Feed bleibt für Aktuelles, das Profil für Fakten.

Wie viele Links stehen in Ihrer Bio?

https://mainprofil.com/fb

#SocialMedia #Bio #KMU #MainProfil #Unternehmensauftritt";2026-09-26;17:00:00;FALSE;TRUE;FALSE;FALSE;FALSE;FALSE;FALSE;FALSE;FALSE;FALSE;FALSE;https://raw.githubusercontent.com/mainprofil-app/mainprofil-social-assets/main/2026-09-26/2026-09-26-fb-03.png;;FALSE;;POST;
"Man kann sehr sichtbar sein und trotzdem niemandem Grund geben, einem zu vertrauen.

Sichtbarkeit ist Reichweite. Vertrauen entsteht erst, wenn jemand nachschauen kann – wer dahintersteht, ob es stimmt, wann es zuletzt bestätigt wurde.

Das eine macht laut. Das andere macht glaubwürdig. MainProfil ist für das zweite da.

Folgen für klare Gedanken zu Unternehmensdaten und Vertrauen.

https://mainprofil.com/ig

#These #Vertrauen #Sichtbarkeit #MainProfil #Unternehmensprofil";2026-09-26;18:45:00;FALSE;FALSE;FALSE;FALSE;FALSE;TRUE;FALSE;FALSE;FALSE;FALSE;FALSE;https://raw.githubusercontent.com/mainprofil-app/mainprofil-social-assets/main/2026-09-26/2026-09-26-ig-04.png;;FALSE;POST;;
"Sonntagsgedanke: Wann ist ein Unternehmensprofil eigentlich fertig?

Nicht, wenn alle Felder ausgefüllt sind. Sondern wenn ein Fremder es liest und keine Frage mehr übrig hat: Wer steht dahinter? Wo und wann erreiche ich die? Und wer hat das geprüft – und wann?

Drei Fragen. Wenn das Profil alle drei beantwortet, muss niemand mehr anrufen, um sicherzugehen.

Speichern und morgen das eigene Profil daran messen.

https://mainprofil.com/ig

#Sonntagsgedanke #Unternehmensprofil #Vollständigkeit #MainProfil #KMU";2026-09-27;09:00:00;FALSE;FALSE;FALSE;FALSE;FALSE;TRUE;FALSE;FALSE;FALSE;FALSE;FALSE;https://raw.githubusercontent.com/mainprofil-app/mainprofil-social-assets/main/2026-09-27/2026-09-27-ig-01.png;;FALSE;POST;;
"Das vierte Quartal beginnt in wenigen Tagen. Ein guter Zeitpunkt, fünf Angaben zu prüfen, bevor Wirtschaftsprüfer, Bank oder Steuerberater fragen:

Stimmen die Vertretungsberechtigten mit dem Register überein? Sind alle Standorte mit aktueller Anschrift erfasst? Steht auf der Rechnung dieselbe Firmierung wie im Register? Gibt es benannte Ansprechpartner für Prüfer? Und: Wann wurde die Identität zuletzt unabhängig verifiziert?

Im MainProfil steht das an einer Stelle – mit Datum. Der Rest ist ein Klick zur Bestätigung.

Welchen dieser Punkte prüfen Sie routinemäßig?

https://mainprofil.com/li

#Jahresabschluss #Compliance #Unternehmensdaten #Mittelstand #MainProfil";2026-09-27;09:30:00;FALSE;FALSE;FALSE;TRUE;FALSE;FALSE;FALSE;FALSE;FALSE;FALSE;FALSE;https://raw.githubusercontent.com/mainprofil-app/mainprofil-social-assets/main/2026-09-27/2026-09-27-li-01.png;;FALSE;;;
"Sonntagsumfrage, ohne Wertung: Wer pflegt bei Ihnen die Unternehmensdaten im Netz?

A – die Chefin oder der Chef persönlich
B – Assistenz oder Büro
C – eine Agentur
D – ehrlich: niemand so richtig

Jede Antwort hat ihre Tücken. Bei A passiert es nur, wenn Zeit ist. Bei C weiß die Agentur nicht, dass der Meister gewechselt hat. Bei D stehen drei Versionen im Netz.

Ein Ort mit Datum hilft in allen vier Fällen. Buchstabe in die Kommentare!

https://mainprofil.com/fb

#Umfrage #Datenpflege #KMU #MainProfil #Organisation";2026-09-27;10:00:00;FALSE;TRUE;FALSE;FALSE;FALSE;FALSE;FALSE;FALSE;FALSE;FALSE;FALSE;https://raw.githubusercontent.com/mainprofil-app/mainprofil-social-assets/main/2026-09-27/2026-09-27-fb-01.png;;FALSE;;POST;
"Vorher: Google sagt 9 bis 18, die Website 9 bis 17, das Branchenbuch 8 bis 16, und ob samstags offen ist, weiß niemand.

Nachher: Mo–Fr 8–17, Sa 9–12, Mittagspause 12–13, Feiertage geschlossen. Einmal eingetragen, mit Datum, an einer Adresse – alle anderen Stellen verweisen darauf.

So einfach ist es im MainProfil.

Speichern und die eigenen Zeiten vergleichen.

https://mainprofil.com/ig

#VorherNachher #Öffnungszeiten #KMU #MainProfil #Unternehmensdaten";2026-09-27;12:00:00;FALSE;FALSE;FALSE;FALSE;FALSE;TRUE;FALSE;FALSE;FALSE;FALSE;FALSE;https://raw.githubusercontent.com/mainprofil-app/mainprofil-social-assets/main/2026-09-27/2026-09-27-ig-02.png;;FALSE;POST;;
"Sonntagsmythos: „Wenn MainProfil das Profil angelegt hat, sind die Angaben geprüft.“

Nein – und das ist uns wichtig. Die über 100.000 importierten Profile zeigen öffentliche Registerdaten aus OpenCorporates / offeneregister.de, so wie sie dort stehen. Deshalb tragen sie sichtbar den Hinweis „Noch nicht vom Inhaber bestätigt“.

Geprüft wird etwas anderes: die Übernahme. Wer ein Profil beansprucht, weist mit geschäftlicher E-Mail, Website und Registernummer nach, dass er dazugehört – damit niemand ein fremdes Profil übernimmt. Und die unabhängige Verifizierung ist noch einmal ein eigener Schritt, den man nicht kaufen kann.

Drei Dinge, drei Bedeutungen. Wussten Sie den Unterschied?

https://mainprofil.com/fb/uebernehmen

#Mythos #Verifizierung #MainProfil #Unternehmensdaten #Sonntag";2026-09-27;12:00:00;FALSE;TRUE;FALSE;FALSE;FALSE;FALSE;FALSE;FALSE;FALSE;FALSE;FALSE;https://raw.githubusercontent.com/mainprofil-app/mainprofil-social-assets/main/2026-09-27/2026-09-27-cl-01.png;;FALSE;;POST;
"Bei Finanzierungen, Beteiligungen oder großen Aufträgen werden zuerst die öffentlichen Angaben gelesen – noch bevor jemand nach Unterlagen fragt.

Fünf Fragen kommen immer: Stimmt die Firmierung überall exakt überein? Sind alle Standorte bekannt und aktuell? Wer ist laut Register vertretungsberechtigt? Wann wurde was zuletzt geändert? Und hat ein Unabhängiger die Identität bestätigt?

Wer diese fünf an einer dauerhaften Adresse beantwortet, spart die erste Prüfrunde – und hinterlässt den Eindruck, der zählt.

Welche dieser Fragen könnten Sie heute aus dem Stand beantworten?

https://mainprofil.com/li

#DueDiligence #Finanzierung #Compliance #Mittelstand #MainProfil";2026-09-27;12:45:00;FALSE;FALSE;FALSE;TRUE;FALSE;FALSE;FALSE;FALSE;FALSE;FALSE;FALSE;https://raw.githubusercontent.com/mainprofil-app/mainprofil-social-assets/main/2026-09-27/2026-09-27-li-02.png;;FALSE;;;
"Begriff erklärt: die Registernummer.

HRA steht für Einzelkaufleute und Personengesellschaften, HRB für GmbH, UG und AG. Zusammen mit dem Registergericht ist die Nummer der eindeutige Anker eines Unternehmens: „HRB 12345, Amtsgericht Würzburg“ gibt es genau einmal. „Müller GmbH“ gibt es hundertfach.

Deshalb steht die Registernummer im MainProfil sichtbar im Profil – und ist Teil der unabhängigen Verifizierung.

Wissen Sie Ihre auswendig?

https://mainprofil.com/fb

#Handelsregister #Begriffserklärung #KMU #MainProfil #Unternehmensdaten";2026-09-27;14:00:00;FALSE;TRUE;FALSE;FALSE;FALSE;FALSE;FALSE;FALSE;FALSE;FALSE;FALSE;https://raw.githubusercontent.com/mainprofil-app/mainprofil-social-assets/main/2026-09-27/2026-09-27-fb-02.png;;FALSE;;POST;
"Man sieht einem Profil an, ob es gepflegt wird – auch als Außenstehender.

Vier Zeichen: Das Datum der letzten Bestätigung ist jünger als 90 Tage. Ansprechpartner haben eine Funktion, nicht nur einen Namen. Registerdaten sind sichtbar. Und die Verifizierung ist gültig, nicht abgelaufen.

Wer alle vier zeigt, muss nichts erklären.

Speichern als Mini-Check fürs eigene Profil.

https://mainprofil.com/ig

#Unternehmensprofil #Datenpflege #MainProfil #KMU #Vertrauen";2026-09-27;15:30:00;FALSE;FALSE;FALSE;FALSE;FALSE;TRUE;FALSE;FALSE;FALSE;FALSE;FALSE;https://raw.githubusercontent.com/mainprofil-app/mainprofil-social-assets/main/2026-09-27/2026-09-27-ig-03.png;;FALSE;POST;;
"Eine Verwechslung, die wir regelmäßig ausräumen: Verifizierung ist keine Zertifizierung.

Eine Zertifizierung bewertet Qualität oder Prozesse nach einer Norm – ISO, DIN, Branchenstandards. Die MainProfil-Verifizierung bestätigt etwas viel Einfacheres, aber Grundlegendes: dass dieses Unternehmen existiert, so heißt und so vertreten wird, wie es angibt.

Keine Note, kein Ranking, keine Empfehlung. Nur die nachvollziehbare Antwort auf die Frage: Ist das echt – und seit wann?

Welche Nachweise verlangen Sie von neuen Geschäftspartnern zuerst?

https://mainprofil.com/li

#Verifizierung #Zertifizierung #Compliance #Mittelstand #MainProfil";2026-09-27;16:45:00;FALSE;FALSE;FALSE;TRUE;FALSE;FALSE;FALSE;FALSE;FALSE;FALSE;FALSE;https://raw.githubusercontent.com/mainprofil-app/mainprofil-social-assets/main/2026-09-27/2026-09-27-li-03.png;;FALSE;;;
"Ein Profil, das niemand aufruft, nützt wenig. Drei Stellen, an denen Ihre MainProfil-Adresse jeden Tag arbeiten kann:

In der E-Mail-Signatur – jeder Empfänger sieht sie. In der Fußzeile des Angebots – „Unternehmensdaten geprüft unter …“ beantwortet Fragen, bevor sie gestellt werden. Auf der Rechnung – Registerdaten und Prüfstatus für die Buchhaltung des Kunden auf einen Klick.

Drei Zeilen, einmal eingerichtet, dauerhaft im Einsatz.

Wo würden Sie die Adresse zuerst einbauen?

https://mainprofil.com/fb

#Praxistipp #KMU #Unternehmensdaten #MainProfil #Alltag";2026-09-27;17:30:00;FALSE;TRUE;FALSE;FALSE;FALSE;FALSE;FALSE;FALSE;FALSE;FALSE;FALSE;https://raw.githubusercontent.com/mainprofil-app/mainprofil-social-assets/main/2026-09-27/2026-09-27-fb-03.png;;FALSE;;POST;
"Mythos: Sonntags googelt niemand Unternehmen.

Tatsächlich fallen viele Entscheidungen genau am Wochenende – der Handwerker für die undichte Leitung, das Autohaus, der Steuerberater fürs neue Jahr. Geprüft wird dann, wenn niemand ans Telefon geht.

Deshalb muss die Antwort auf „Wer seid ihr, stimmt das, ist das aktuell?“ auch sonntags an einer Adresse stehen. Genau dafür ist ein MainProfil da.

MainProfil folgen für mehr Klarheit rund um Unternehmensdaten.

https://mainprofil.com/ig

#MythosFakt #Wochenende #Sichtbarkeit #MainProfil #KMU";2026-09-27;19:00:00;FALSE;FALSE;FALSE;FALSE;FALSE;TRUE;FALSE;FALSE;FALSE;FALSE;FALSE;https://raw.githubusercontent.com/mainprofil-app/mainprofil-social-assets/main/2026-09-27/2026-09-27-ig-04.png;;FALSE;POST;;
"60 Sekunden. So lange dauert es, die eigenen Angaben im MainProfil zu bestätigen.

Profil öffnen, kurz durchsehen, bestätigen. Jede Angabe trägt danach das heutige Datum – und jeder, der Sie diese Woche prüft, sieht: aktuell.

Der wahrscheinlich beste Zeit-Nutzen-Faktor im Montagsplan.

Kostenlos starten: mainprofil.com/registrieren

https://mainprofil.com/ig

#Montag #MainProfil #Aktualität #Unternehmensprofil #KMU";2026-09-28;07:45:00;FALSE;FALSE;FALSE;FALSE;FALSE;TRUE;FALSE;FALSE;FALSE;FALSE;FALSE;https://raw.githubusercontent.com/mainprofil-app/mainprofil-social-assets/main/2026-09-28/2026-09-28-ig-01.png;;FALSE;POST;;
"Bevor die Buchhaltung Ihres Kunden eine Rechnung freigibt, vergleicht sie: Stimmt die Firmierung mit dem Register? Ist die Anschrift die eingetragene? Wen kann ich bei Rückfragen anrufen?

Die Rechnung allein beantwortet das nur teilweise. Das Register beantwortet die amtlichen Fragen, kennt aber keinen Ansprechpartner. Ein MainProfil führt beides zusammen – und zeigt, wann die Angaben zuletzt bestätigt wurden.

Das Ergebnis ist unspektakulär und wertvoll: Rechnungen werden schneller freigegeben.

Wie viele Ihrer Rechnungen hängen wegen Stammdaten-Rückfragen?

https://mainprofil.com/li

#Rechnungsprüfung #Buchhaltung #Stammdaten #B2B #MainProfil";2026-09-28;08:00:00;FALSE;FALSE;FALSE;TRUE;FALSE;FALSE;FALSE;FALSE;FALSE;FALSE;FALSE;https://raw.githubusercontent.com/mainprofil-app/mainprofil-social-assets/main/2026-09-28/2026-09-28-li-01.png;;FALSE;;;
"Rohrbruch um 22 Uhr. Der Kunde googelt Sie und findet: die Zentrale (Anrufbeantworter), das alte Handy vom Meister (abgemeldet) und irgendwo eine Notdienstnummer – aber gilt die noch?

Im Notfall zählt genau eine Nummer, die stimmt. Im MainProfil steht sie als eigener Kontakt „Notdienst“, mit Verfügbarkeit und dem Datum der letzten Bestätigung.

Haben Sie eine Notdienstnummer, die online überall gleich steht?

https://mainprofil.com/fb

#Notdienst #Handwerk #Erreichbarkeit #MainProfil #KMU";2026-09-28;08:30:00;FALSE;TRUE;FALSE;FALSE;FALSE;FALSE;FALSE;FALSE;FALSE;FALSE;FALSE;https://raw.githubusercontent.com/mainprofil-app/mainprofil-social-assets/main/2026-09-28/2026-09-28-fb-01.png;;FALSE;;POST;
"Ein Unternehmensprofil auf MainProfil hat drei mögliche Stufen – und für Einkauf und Compliance lohnt es sich, sie zu unterscheiden.

Unbestätigt: aus öffentlichen Registerdaten angelegt, Firmierung, Nummer und Sitz sichtbar, gekennzeichnet als „Noch nicht vom Inhaber bestätigt“. Übernommen: Das Unternehmen hat das Profil beansprucht – nach Prüfung von E-Mail-Domain, Impressum und Registernummer – und ergänzt Ansprechpartner, Leistungen und ein Datum an jeder Angabe. Verifiziert: Ein Unabhängiger hat die Identität geprüft, mit Gültigkeitszeitraum, nicht kaufbar.

Jede Stufe ist im Profil erkennbar. So weiß der Prüfende immer, wer eine Angabe gemacht hat und wer sie bestätigt hat.

Bei welcher Stufe würden Sie einen neuen Lieferanten mindestens sehen wollen?

https://mainprofil.com/li/uebernehmen

#Lieferantenprüfung #Compliance #Verifizierung #MainProfil #Einkauf";2026-09-28;10:15:00;FALSE;FALSE;FALSE;TRUE;FALSE;FALSE;FALSE;FALSE;FALSE;FALSE;FALSE;https://raw.githubusercontent.com/mainprofil-app/mainprofil-social-assets/main/2026-09-28/2026-09-28-cl-01.png;;FALSE;;;
"Sie entdecken: Irgendwo im Netz steht eine falsche Adresse oder ein alter Ansprechpartner. Was tun?

So nicht: ignorieren, nur diese eine Stelle korrigieren oder eine wütende Mail ans Portal schreiben.

So ja: Zuerst die verbindliche Version im MainProfil bestätigen – mit Datum. Dann Portale und Verzeichnisse auf diese Adresse verweisen. Die Korrektur dokumentieren. Und beim nächsten Check erneut prüfen.

Speichern für den Fall, dass es passiert.

https://mainprofil.com/ig

#Praxistipp #Datenpflege #Unternehmensdaten #MainProfil #KMU";2026-09-28;11:30:00;FALSE;FALSE;FALSE;FALSE;FALSE;TRUE;FALSE;FALSE;FALSE;FALSE;FALSE;https://raw.githubusercontent.com/mainprofil-app/mainprofil-social-assets/main/2026-09-28/2026-09-28-ig-02.png;;FALSE;POST;;
"Compliance-Prüfungen beginnen nicht beim Vertrag. Sie beginnen viel früher – beim Impressum, beim Register, beim öffentlichen Profil des Partners.

Drei Fragen entscheiden, ob es überhaupt zum Vertrag kommt: Stimmt die Firmierung mit dem Register überein? Ist die Vertretung nachvollziehbar? Wann wurde das zuletzt bestätigt?

Unternehmen, die diese drei Fragen an einer dauerhaften Adresse beantworten, kommen schneller durch die Prüfung – und werden seltener nachgefragt.

Wie viele Ihrer Lieferanten würden diesen Test heute bestehen?

https://mainprofil.com/li

#Compliance #Geschäftspartnerprüfung #KYB #Mittelstand #MainProfil";2026-09-28;12:15:00;FALSE;FALSE;FALSE;TRUE;FALSE;FALSE;FALSE;FALSE;FALSE;FALSE;FALSE;https://raw.githubusercontent.com/mainprofil-app/mainprofil-social-assets/main/2026-09-28/2026-09-28-li-02.png;;FALSE;;;
"Eine Frage, die oft kommt: „Muss ich das Profil selbst pflegen, oder macht das MainProfil?“

Die Antwort: beides, klar getrennt. Was nur Sie wissen – Leistungen, Standorte, Ansprechpartner, Öffnungszeiten – pflegen Sie selbst. Das dauert eine Minute und trägt danach ein Datum. Was ein Unabhängiger prüfen sollte – dass es Ihr Unternehmen so gibt und so vertreten wird – prüft MainProfil.

Sie sagen, was Sie tun. Wir bestätigen, dass es Sie gibt.

Welchen Teil finden Sie wichtiger?

https://mainprofil.com/fb

#FAQ #Unternehmensprofil #Verifizierung #MainProfil #KMU";2026-09-28;13:00:00;FALSE;TRUE;FALSE;FALSE;FALSE;FALSE;FALSE;FALSE;FALSE;FALSE;FALSE;https://raw.githubusercontent.com/mainprofil-app/mainprofil-social-assets/main/2026-09-28/2026-09-28-fb-02.png;;FALSE;;POST;
"Ein Firmenumzug ist auch ein Datenumzug – und der wird meist vergessen.

Acht Wochen vorher: die neue Adresse mit Gültig-ab-Datum im MainProfil hinterlegen. Am Umzugstag: Profil bestätigen, Register anmelden, Impressum tauschen. Vier Wochen danach: Portale, Verzeichnisse und Signaturen kontrollieren – alle sollen auf das Profil verweisen.

Drei Etappen, ein Ort, keine Kunden vor der alten Tür.

Speichern für den nächsten Umzug.

https://mainprofil.com/ig

#Umzug #Standort #Unternehmensdaten #MainProfil #KMU";2026-09-28;15:00:00;FALSE;FALSE;FALSE;FALSE;FALSE;TRUE;FALSE;FALSE;FALSE;FALSE;FALSE;https://raw.githubusercontent.com/mainprofil-app/mainprofil-social-assets/main/2026-09-28/2026-09-28-ig-03.png;;FALSE;POST;;
"Begriff erklärt: Vertretungsberechtigung.

Sie legt fest, wer ein Unternehmen rechtlich nach außen vertreten darf – einzeln oder nur gemeinsam. Sie steht im Register, und sie ändert sich öfter, als man denkt: bei Geschäftsführerwechseln, Prokura-Erteilungen, Umwandlungen.

Für Geschäftspartner ist sie die entscheidende Frage vor jeder Unterschrift. Deshalb gehört sie in ein Unternehmensprofil – nachvollziehbar, datiert und Teil der unabhängigen Verifizierung.

Prüfen Sie die Vertretungsberechtigung neuer Partner routinemäßig?

https://mainprofil.com/li

#Vertretungsberechtigung #Handelsregister #Compliance #Vertragsrecht #MainProfil";2026-09-28;16:30:00;FALSE;FALSE;FALSE;TRUE;FALSE;FALSE;FALSE;FALSE;FALSE;FALSE;FALSE;https://raw.githubusercontent.com/mainprofil-app/mainprofil-social-assets/main/2026-09-28/2026-09-28-li-03.png;;FALSE;;;
"Der Empfang ist die Stelle, an der Unternehmensdaten am häufigsten weitergegeben werden – am Telefon, per Mail, an der Tür.

Fünf Dinge sollte jede neue Kollegin am ersten Tag wissen: Wo die verbindliche Version aller Angaben steht. Wer Änderungen freigibt. Wie die Firmierung exakt lautet. Welche Ansprechpartner nach außen gelten. Und wann das zuletzt bestätigt wurde.

Mit einem MainProfil ist die Antwort auf alle fünf: eine Adresse.

Wie wird das bei Ihnen weitergegeben – Ordner, Wiki oder mündlich?

https://mainprofil.com/fb

#Onboarding #Empfang #Team #MainProfil #Unternehmensdaten";2026-09-28;17:30:00;FALSE;TRUE;FALSE;FALSE;FALSE;FALSE;FALSE;FALSE;FALSE;FALSE;FALSE;https://raw.githubusercontent.com/mainprofil-app/mainprofil-social-assets/main/2026-09-28/2026-09-28-fb-03.png;;FALSE;;POST;
"Der Unterschied zwischen einer Information und einer Behauptung ist ein Datum.

Ein Profil ohne Pflege sagt: „So war es mal.“ Ein Profil mit Bestätigung sagt: „So ist es heute – und das hat jemand geprüft.“

Deshalb steht im MainProfil an jeder Angabe, wann sie zuletzt bestätigt wurde. Nicht als Dekoration, sondern als Unterschied.

Folgen für klare Gedanken zu Unternehmensdaten und Vertrauen.

https://mainprofil.com/ig

#These #Aktualität #Vertrauen #MainProfil #Unternehmensprofil";2026-09-28;19:30:00;FALSE;FALSE;FALSE;FALSE;FALSE;TRUE;FALSE;FALSE;FALSE;FALSE;FALSE;https://raw.githubusercontent.com/mainprofil-app/mainprofil-social-assets/main/2026-09-28/2026-09-28-ig-04.png;;FALSE;POST;;
"Mythos: „Verifiziert“ heißt „empfohlen“.

Stimmt nicht – und das ist bewusst so. Die MainProfil-Verifizierung bestätigt, dass ein Unternehmen existiert, so heißt und so vertreten wird, wie angegeben. Nicht mehr, nicht weniger.

Ob es gut arbeitet, entscheiden Kunden. Ein Siegel, das Identität bestätigt, ist ehrlich. Eines, das Qualität verspricht, wäre Werbung.

Speichern für die nächste Diskussion über Siegel.

https://mainprofil.com/ig

#MythosFakt #Verifizierung #Vertrauen #MainProfil #Unternehmensprofil";2026-09-29;08:15:00;FALSE;FALSE;FALSE;FALSE;FALSE;TRUE;FALSE;FALSE;FALSE;FALSE;FALSE;https://raw.githubusercontent.com/mainprofil-app/mainprofil-social-assets/main/2026-09-29/2026-09-29-ig-01.png;;FALSE;POST;;
"Zwischen Angebot und Auftrag prüft Ihr Kunde dreimal – und Ihr Vertrieb bekommt davon meist nichts mit.

Nach dem Angebot googelt der Einkauf: Gibt es die so, stimmt die Firmierung? Vor der Vergabe prüft Compliance Register und Vertretung. Vor der Anlage braucht die Buchhaltung Stammdaten – und erst hier wird die Prüfung sichtbar, als Rückfrage.

Wer alle drei Punkte an einer dauerhaften Adresse vorbereitet, verkürzt den Weg vom Angebot zum Auftrag – ohne ein einziges Verkaufsgespräch mehr.

Wie lange dauert bei Ihnen der Weg vom Angebot zur Anlage als Lieferant?

https://mainprofil.com/li

#Vertrieb #B2B #Vergabe #Lieferantenanlage #MainProfil";2026-09-29;08:45:00;FALSE;FALSE;FALSE;TRUE;FALSE;FALSE;FALSE;FALSE;FALSE;FALSE;FALSE;https://raw.githubusercontent.com/mainprofil-app/mainprofil-social-assets/main/2026-09-29/2026-09-29-li-01.png;;FALSE;;;
"Vier Fragen, die in fast jedem Betrieb täglich am Telefon ankommen: Habt ihr heute offen? Wer ist zuständig? Wie lautet die genaue Firmierung für die Rechnung? Seid ihr noch an der alten Adresse?

Alle vier stünden längst beantwortet online – wenn es einen Ort gäbe, an dem sie stimmen und ein Datum tragen.

Das MainProfil ist dieser Ort. Und jede beantwortete Frage ist ein Anruf weniger.

Welche Frage hören Sie am häufigsten?

https://mainprofil.com/fb

#Kundenservice #KMU #Unternehmensdaten #MainProfil #Alltag";2026-09-29;10:30:00;FALSE;TRUE;FALSE;FALSE;FALSE;FALSE;FALSE;FALSE;FALSE;FALSE;FALSE;https://raw.githubusercontent.com/mainprofil-app/mainprofil-social-assets/main/2026-09-29/2026-09-29-fb-01.png;;FALSE;;POST;
"Ein Blick ins Produkt: Standorte im MainProfil sind eigene Einträge – mit eigenen Öffnungszeiten, eigenen Ansprechpartnern und jeweils einem eigenen Datum der letzten Bestätigung.

Trotzdem stehen alle an einer einzigen dauerhaften Adresse. Wer die Bäckerei sucht, findet alle drei Filialen – und weiß bei jeder, ob die Zeiten aktuell sind.

MainProfil folgen für mehr Einblicke ins Produkt.

https://mainprofil.com/ig

#Produkt #Standorte #Filialen #MainProfil #Unternehmensprofil";2026-09-29;11:45:00;FALSE;FALSE;FALSE;FALSE;FALSE;TRUE;FALSE;FALSE;FALSE;FALSE;FALSE;https://raw.githubusercontent.com/mainprofil-app/mainprofil-social-assets/main/2026-09-29/2026-09-29-ig-02.png;;FALSE;POST;;
"Es klingt nach Formalie, kostet aber echte Aufträge: die Firmierung.

Fünf Gründe, warum Angebote daran scheitern: „GmbH“ fehlt oder steht an der falschen Stelle. Die Marke wird statt des eingetragenen Namens verwendet. Nach einer Umwandlung steht noch die alte Firmierung im Angebot. Die Schreibweise weicht vom Register ab. Oder der Rechnungsempfänger ist nicht der Vertragspartner.

Jeder Punkt ist eine Rückfrage der Gegenseite. Drei davon, und der Auftrag geht an den, bei dem alles stimmt. Im MainProfil steht die Firmierung exakt wie im Register – unabhängig geprüft.

Welcher Punkt ist Ihnen schon einmal passiert?

https://mainprofil.com/li

#Firmierung #Vertrieb #Handelsregister #B2B #MainProfil";2026-09-29;12:30:00;FALSE;FALSE;FALSE;TRUE;FALSE;FALSE;FALSE;FALSE;FALSE;FALSE;FALSE;https://raw.githubusercontent.com/mainprofil-app/mainprofil-social-assets/main/2026-09-29/2026-09-29-li-02.png;;FALSE;;;
"Gedankenspiel: Ein neuer Kunde hat 30 Sekunden Zeit und Sie dürfen ihm drei Angaben zeigen. Welche?

A – Leistungen, Preise, Referenzen.
B – Wer wir sind, wo wir sitzen, seit wann.
C – Registerdaten, Ansprechpartner, Datum der letzten Prüfung.

Die meisten wählen A. Der Kunde prüft aber zuerst B und C – und schaut sich A erst an, wenn die stimmen.

Welche drei würden Sie zeigen?

https://mainprofil.com/fb

#Gedankenspiel #Kunden #KMU #MainProfil #Vertrauen";2026-09-29;13:30:00;FALSE;TRUE;FALSE;FALSE;FALSE;FALSE;FALSE;FALSE;FALSE;FALSE;FALSE;https://raw.githubusercontent.com/mainprofil-app/mainprofil-social-assets/main/2026-09-29/2026-09-29-fb-02.png;;FALSE;;POST;
"Ein Angebot wird nicht nur nach Preis gelesen, sondern nach Vollständigkeit.

Fünf Angaben gehören immer hinein: die Firmierung exakt wie im Register, Registergericht und -nummer, die vertretungsberechtigte Person, ein Ansprechpartner mit Durchwahl – und ein Link auf das geprüfte Unternehmensprofil, damit die Gegenseite alles Weitere selbst nachschauen kann.

So bleibt die Diskussion beim Inhalt, nicht bei Formalien.

Speichern und die eigene Angebotsvorlage prüfen.

https://mainprofil.com/ig

#Angebot #Vertrieb #Checkliste #MainProfil #KMU";2026-09-29;15:15:00;FALSE;FALSE;FALSE;FALSE;FALSE;TRUE;FALSE;FALSE;FALSE;FALSE;FALSE;https://raw.githubusercontent.com/mainprofil-app/mainprofil-social-assets/main/2026-09-29/2026-09-29-ig-03.png;;FALSE;POST;;
"Ein Tippfehler in der Adresse fällt auf und wird korrigiert. Teuer wird etwas anderes: die Änderung, die niemand bemerkt.

Der Geschäftsführer wechselt, aber die Website weiß es nicht. Der Standort zieht um, aber das Lieferantenportal nicht. Die Rechtsform ändert sich, aber die Angebotsvorlage bleibt.

Gegen unbemerkte Änderungen hilft kein besseres Korrekturlesen – sondern ein Ort, an dem jede Angabe ein Datum trägt und regelmäßig bestätigt wird. Dann fällt auf, was alt ist.

Welche Änderung ist bei Ihnen zuletzt zu spät aufgefallen?

https://mainprofil.com/li

#Datenqualität #Risikomanagement #Stammdaten #Mittelstand #MainProfil";2026-09-29;16:15:00;FALSE;FALSE;FALSE;TRUE;FALSE;FALSE;FALSE;FALSE;FALSE;FALSE;FALSE;https://raw.githubusercontent.com/mainprofil-app/mainprofil-social-assets/main/2026-09-29/2026-09-29-li-03.png;;FALSE;;;
"Vorher: sieben Telefonnummern im Netz. Die alte Festnetznummer, das Handy vom Chef, eine Faxnummer aus einer anderen Zeit, irgendwo eine 0800 – drei davon abgemeldet.

Nachher: drei Kontakte mit Funktion – Zentrale, Auftragsannahme, Notdienst – alle mit heutigem Datum an einer Adresse. Alles andere verweist darauf.

Wie viele Nummern kursieren von Ihrem Betrieb?

https://mainprofil.com/fb

#VorherNachher #Kontakt #Erreichbarkeit #MainProfil #KMU";2026-09-29;17:00:00;FALSE;TRUE;FALSE;FALSE;FALSE;FALSE;FALSE;FALSE;FALSE;FALSE;FALSE;https://raw.githubusercontent.com/mainprofil-app/mainprofil-social-assets/main/2026-09-29/2026-09-29-fb-03.png;;FALSE;;POST;
"Was Sie brauchen, um Ihr Profil auf MainProfil zu übernehmen:

Ihr Profil in der Suche finden. Ein kostenloses Unternehmenskonto. Eine geschäftliche E-Mail-Adresse. Ihre Website mit Impressum. Und fünf Minuten – die Prüfung von Domain, Impressum und Registernummer übernimmt MainProfil, per Klick oder von Hand.

Keine Kreditkarte, kein Tarif. Die Verifizierung ist ein eigener Schritt, den Sie später entscheiden.

Speichern und an die Person weiterleiten, die bei Ihnen die Website betreut.

https://mainprofil.com/ig/uebernehmen

#Checkliste #MainProfil #Unternehmensprofil #Gründer #KMU";2026-09-29;17:00:00;FALSE;FALSE;FALSE;FALSE;FALSE;TRUE;FALSE;FALSE;FALSE;FALSE;FALSE;https://raw.githubusercontent.com/mainprofil-app/mainprofil-social-assets/main/2026-09-29/2026-09-29-cl-01.png;;FALSE;POST;;
"Eine kleine Rechnung: Die Bestätigung Ihrer Angaben im MainProfil dauert eine Minute. Jede Rückfrage, die dadurch nicht kommt – „Seid ihr noch da?“, „Wer ist zuständig?“ – kostet mindestens zehn.

Ein Klick heute, eine Rückfrage weniger morgen. Und übermorgen wieder.

Kostenlos starten: mainprofil.com/registrieren

https://mainprofil.com/ig

#MainProfil #Aktualität #Effizienz #KMU #Unternehmensprofil";2026-09-29;18:45:00;FALSE;FALSE;FALSE;FALSE;FALSE;TRUE;FALSE;FALSE;FALSE;FALSE;FALSE;https://raw.githubusercontent.com/mainprofil-app/mainprofil-social-assets/main/2026-09-29/2026-09-29-ig-04.png;;FALSE;POST;;
"Begriff des Tages: Dublette.

Ein doppelter Eintrag desselben Unternehmens – einmal „Müller & Sohn GmbH“, einmal „Mueller und Sohn“, einmal mit alter, einmal mit neuer Adresse. Portale und Suchmaschinen erzeugen sie automatisch, und niemand merkt es.

Die Folge: Kunden wissen nicht, welcher Eintrag gilt. Die Lösung: eine dauerhafte Adresse, die als verbindlich erkennbar ist – mit Registernummer und Datum.

Speichern und einmal nach der eigenen Dublette suchen.

https://mainprofil.com/ig

#Begriffserklärung #Dublette #Unternehmensdaten #MainProfil #KMU";2026-09-30;07:45:00;FALSE;FALSE;FALSE;FALSE;FALSE;TRUE;FALSE;FALSE;FALSE;FALSE;FALSE;https://raw.githubusercontent.com/mainprofil-app/mainprofil-social-assets/main/2026-09-30/2026-09-30-ig-01.png;;FALSE;POST;;
"Ein Quartal ist kurz – und trotzdem ändert sich in drei Monaten mehr, als in den öffentlichen Angaben ankommt.

Vier Fragen zum Quartalsende: Hat ein Ansprechpartner gewechselt? Gab es einen Umzug, eine Eröffnung, eine Schließung? Hat sich im Register etwas geändert – Vertretung, Prokura, Rechtsform? Gelten die Öffnungs- oder Kernzeiten noch?

Wer diese vier Fragen alle drei Monate an einer Adresse beantwortet und bestätigt, ist zum Jahresende fertig, bevor andere anfangen.

Was hat sich bei Ihnen im Q3 geändert?

https://mainprofil.com/li

#Quartalsende #Q3 #Unternehmensdaten #Mittelstand #MainProfil";2026-09-30;08:00:00;FALSE;FALSE;FALSE;TRUE;FALSE;FALSE;FALSE;FALSE;FALSE;FALSE;FALSE;https://raw.githubusercontent.com/mainprofil-app/mainprofil-social-assets/main/2026-09-30/2026-09-30-li-01.png;;FALSE;;;
"Offline-Werbung hat ein Problem: Sie lässt sich nicht aktualisieren. Das Fahrzeug fährt mit der alten Nummer, das Schild zeigt die alte Öffnungszeit, der Flyer den Ansprechpartner von 2023.

Drei Tipps: Auf das Fahrzeug gehört eine kurze Web-Adresse statt einer Nummernliste. Auf das Schild ein QR-Code, der auf das Profil führt – nicht auf die Startseite. Und im Flyer stehen nur Dinge, die sich nicht ändern; die Fakten stehen im Profil.

So bleibt alles Gedruckte gültig – weil die Adresse gleich bleibt und nur ihr Inhalt aktuell wird.

Was steht auf Ihrem Firmenfahrzeug?

https://mainprofil.com/fb

#Offline #Werbung #Handwerk #MainProfil #KMU";2026-09-30;08:30:00;FALSE;TRUE;FALSE;FALSE;FALSE;FALSE;FALSE;FALSE;FALSE;FALSE;FALSE;https://raw.githubusercontent.com/mainprofil-app/mainprofil-social-assets/main/2026-09-30/2026-09-30-fb-01.png;;FALSE;;POST;
"Ein gut gemachtes Profil und ein echtes Profil sehen auf den ersten Blick gleich aus. Der Unterschied steckt in drei prüfbaren Merkmalen.

Eine Registernummer, die man nachschlagen kann. Ein Datum an jeder Angabe, das zeigt, wann sie zuletzt bestätigt wurde. Und eine unabhängige Prüfung mit Gültigkeitszeitraum – von jemandem, der nicht das Unternehmen selbst ist.

Fehlt eines, ist es Design. Sind alle drei da, ist es ein MainProfil.

Speichern als Prüfhilfe für das nächste unbekannte Unternehmen.

https://mainprofil.com/ig

#Prüffrage #Echtheit #Verifizierung #MainProfil #Unternehmensprofil";2026-09-30;11:30:00;FALSE;FALSE;FALSE;FALSE;FALSE;TRUE;FALSE;FALSE;FALSE;FALSE;FALSE;https://raw.githubusercontent.com/mainprofil-app/mainprofil-social-assets/main/2026-09-30/2026-09-30-ig-02.png;;FALSE;POST;;
"Referenzen sollen Vertrauen schaffen. Falsch präsentiert, tun sie das Gegenteil.

So nicht: „zahlreiche namhafte Kunden“, Logos ohne Kontext, Siegel ohne Prüfer und Datum, ein Zertifikat von 2016, das längst abgelaufen ist.

So ja: konkrete Projekte mit Zeitraum, Nachweise mit Aussteller, sichtbare Gültigkeit – und als Basis eine unabhängig verifizierte Identität, damit klar ist, wem die Referenzen überhaupt gehören.

Welche Referenz hat Sie zuletzt überzeugt – und warum?

https://mainprofil.com/li

#Referenzen #Nachweise #B2B #Vertrauen #MainProfil";2026-09-30;12:15:00;FALSE;FALSE;FALSE;TRUE;FALSE;FALSE;FALSE;FALSE;FALSE;FALSE;FALSE;https://raw.githubusercontent.com/mainprofil-app/mainprofil-social-assets/main/2026-09-30/2026-09-30-li-02.png;;FALSE;;;
"Ein Flyer im Briefkasten, ein Auftrag am Ende – und dazwischen drei Sprünge, bei denen Angaben verloren gehen.

Sprung 1, Flyer zu Google: Der Name findet drei ähnliche Betriebe. Sprung 2, Google zum Anruf: Die Nummer im Branchenbuch ist die alte. Sprung 3, Anruf zum Auftrag: Die genaue Firmierung für die Rechnung muss nachgefragt werden.

Mit einer dauerhaften Adresse auf dem Flyer – als QR-Code – entfallen alle drei Sprünge.

Wo verlieren Sie Kunden zwischen Kontakt und Auftrag?

https://mainprofil.com/fb

#Kundenreise #Flyer #KMU #MainProfil #Unternehmensdaten";2026-09-30;13:00:00;FALSE;TRUE;FALSE;FALSE;FALSE;FALSE;FALSE;FALSE;FALSE;FALSE;FALSE;https://raw.githubusercontent.com/mainprofil-app/mainprofil-social-assets/main/2026-09-30/2026-09-30-fb-02.png;;FALSE;;POST;
"„Impressum auf Anfrage“, „Ansprechpartner auf Anfrage“, „Registernummer auf Anfrage“ – fünf Angaben, die niemals hinter einer Nachfrage stehen sollten.

Registergericht und -nummer. Die vollständige Anschrift. Die vertretungsberechtigte Person. Ein erreichbarer Ansprechpartner. Und das Datum, wann das zuletzt bestätigt wurde.

Wer danach fragen muss, fragt meist nicht – sondern geht zum nächsten Anbieter. Im MainProfil stehen alle fünf offen sichtbar.

Speichern und die eigene Website gegenprüfen.

https://mainprofil.com/ig

#Transparenz #Impressum #Unternehmensdaten #MainProfil #KMU";2026-09-30;15:00:00;FALSE;FALSE;FALSE;FALSE;FALSE;TRUE;FALSE;FALSE;FALSE;FALSE;FALSE;https://raw.githubusercontent.com/mainprofil-app/mainprofil-social-assets/main/2026-09-30/2026-09-30-ig-03.png;;FALSE;POST;;
"Der Weg eines Unternehmensprofils in drei Stationen.

Station 1, das Register: Firmierung, Nummer und Sitz sind öffentlich eingetragen und bei OpenCorporates / offeneregister.de für alle einsehbar. Station 2, MainProfil: Wir stellen diese Angaben an eine dauerhafte Adresse – gekennzeichnet als „Noch nicht vom Inhaber bestätigt“. Korrigieren oder entfernen lassen geht jederzeit, auch ohne Konto. Station 3, Sie: Sie übernehmen das Profil kostenlos, ergänzen Ansprechpartner, Leistungen und Zeiten – mit Datum. Ab jetzt ist es Ihre Stimme.

Morgen beginnt das letzte Quartal. Ein guter Zeitpunkt für Station 3.

An welcher Station steht Ihr Unternehmen gerade?

https://mainprofil.com/fb/uebernehmen

#Unternehmensprofil #MainProfil #Registerdaten #KMU #Q4";2026-09-30;15:00:00;FALSE;TRUE;FALSE;FALSE;FALSE;FALSE;FALSE;FALSE;FALSE;FALSE;FALSE;https://raw.githubusercontent.com/mainprofil-app/mainprofil-social-assets/main/2026-09-30/2026-09-30-cl-01.png;;FALSE;;POST;
"Drei Wege, Aktualität zu belegen – und warum nur einer wirklich funktioniert.

Der „Stand: 2024“-Vermerk ist sichtbar, aber pauschal: Er sagt nicht, welche Angabe geprüft wurde. Das Änderungsprotokoll ist präzise, aber es zeigt nur, was sich geändert hat – nicht, dass das Unveränderte noch stimmt. Die datierte Bestätigung pro Angabe zeigt beides: was geändert wurde und was geprüft und unverändert ist.

Im MainProfil ist es der dritte Weg – verknüpft mit der unabhängigen Verifizierung der Identität.

Wie belegen Sie heute, dass eine unveränderte Angabe noch gilt?

https://mainprofil.com/li

#Aktualität #Datenqualität #Compliance #Mittelstand #MainProfil";2026-09-30;16:30:00;FALSE;FALSE;FALSE;TRUE;FALSE;FALSE;FALSE;FALSE;FALSE;FALSE;FALSE;https://raw.githubusercontent.com/mainprofil-app/mainprofil-social-assets/main/2026-09-30/2026-09-30-li-03.png;;FALSE;;;
"Frage aus der Community: „Ich habe zwei Firmen – eine GmbH und ein Einzelunternehmen. Brauche ich zwei Profile?“

Ja. Jede eingetragene Rechtseinheit hat ihre eigenen Registerdaten, ihre eigene Vertretung, ihre eigene Rechnungsanschrift – und deshalb ihre eigene dauerhafte Adresse mit eigener Verifizierung.

Genau das schützt Sie: Kunden, Rechnungen und Verträge geraten nicht durcheinander. Was zusammengehört, verlinken Sie gegenseitig.

Wie viele Rechtseinheiten führen Sie?

https://mainprofil.com/fb

#FAQ #Unternehmer #Rechtsform #MainProfil #KMU";2026-09-30;17:30:00;FALSE;TRUE;FALSE;FALSE;FALSE;FALSE;FALSE;FALSE;FALSE;FALSE;FALSE;https://raw.githubusercontent.com/mainprofil-app/mainprofil-social-assets/main/2026-09-30/2026-09-30-fb-03.png;;FALSE;;POST;
"Morgen beginnt das letzte Quartal des Jahres.

Drei Monate reichen, damit am 31.12. jede Angabe über Ihr Unternehmen an einer Adresse steht, ein aktuelles Datum trägt und die Identität unabhängig geprüft ist. Danach ist der Jahreswechsel nur noch ein Klick zur Bestätigung.

Heute anfangen, im Dezember fertig sein.

Kostenlos starten: mainprofil.com/registrieren

https://mainprofil.com/ig

#Q4 #Jahreswechsel #MainProfil #Unternehmensprofil #KMU";2026-09-30;19:30:00;FALSE;FALSE;FALSE;FALSE;FALSE;TRUE;FALSE;FALSE;FALSE;FALSE;FALSE;https://raw.githubusercontent.com/mainprofil-app/mainprofil-social-assets/main/2026-09-30/2026-09-30-ig-04.png;;FALSE;POST;;
"Kurze Umfrage zum Monatsstart: Wer fragt Sie am häufigsten nach Ihren aktuellen Unternehmensdaten – Firmierung, Anschrift, Ansprechpartner, Registernummer?

A – Kunden vor dem ersten Auftrag
B – Bank oder Steuerberater
C – Lieferanten und Einkauf
D – Behörden, Kammern, Verbände

Egal, wer fragt: Alle wollen dieselben Angaben, mit Datum. Genau dafür gibt es eine dauerhafte Adresse.

Antwort in die Kommentare – und folgen für den nächsten Praxistipp.

https://mainprofil.com/ig

#Umfrage #Unternehmensdaten #MainProfil #KMU #Mittelstand";2026-10-01;08:15:00;FALSE;FALSE;FALSE;FALSE;FALSE;TRUE;FALSE;FALSE;FALSE;FALSE;FALSE;https://raw.githubusercontent.com/mainprofil-app/mainprofil-social-assets/main/2026-10-01/2026-10-01-ig-01.png;;FALSE;POST;;
"Eine Lieferantenfreigabe besteht aus drei Schritten, die in der Praxis oft zu einem verschmelzen.

Schritt 1, Identität: Existiert das Unternehmen so, wie es auftritt? Register, Vertretung, Anschrift – das sollte ein Unabhängiger bestätigen, nicht der Lieferant selbst.

Schritt 2, Angaben: Leistungen, Standorte, Ansprechpartner. Das weiß nur das Unternehmen – es ist Selbstauskunft und darf das auch sein, solange es erkennbar ist.

Schritt 3, Prüfdatum: Wann wurde was zuletzt bestätigt? Dieser Schritt fehlt am häufigsten. Ohne Datum weiß der Einkauf in sechs Monaten nicht mehr, ob die Freigabe noch trägt.

Ein MainProfil hält alle drei Schritte an einer Adresse getrennt sichtbar: geprüfte Identität, datierte Angaben, Gültigkeit der Verifizierung.

Welcher der drei Schritte ist in Ihrem Freigabeprozess am schwächsten dokumentiert?

https://mainprofil.com/li

#Lieferantenmanagement #Einkauf #Compliance #Mittelstand #MainProfil";2026-10-01;08:45:00;FALSE;FALSE;FALSE;TRUE;FALSE;FALSE;FALSE;FALSE;FALSE;FALSE;FALSE;https://raw.githubusercontent.com/mainprofil-app/mainprofil-social-assets/main/2026-10-01/2026-10-01-li-01.png;;FALSE;;;
"1. Oktober: In vielen Gasthäusern beginnen heute die Winterzeiten. Die Terrasse schließt, die Küche macht früher zu, montags bleibt vielleicht ganz geschlossen.

An der Tür steht das schnell. Aber online? Die Speisekarte im Netz zeigt noch die Sommerzeiten, das Branchenbuch die vom Vorjahr, und der Gast steht um 21:30 Uhr vor der Küche, die seit einer halben Stunde kalt ist.

Im MainProfil stehen die Zeiten einmal, mit Gültig-ab-Datum – und alle anderen Stellen verweisen darauf.

Wann haben Sie Ihre Winterzeiten zuletzt online geprüft?

https://mainprofil.com/fb

#Gastronomie #Öffnungszeiten #Herbst #MainProfil #Gastgeber";2026-10-01;10:30:00;FALSE;TRUE;FALSE;FALSE;FALSE;FALSE;FALSE;FALSE;FALSE;FALSE;FALSE;https://raw.githubusercontent.com/mainprofil-app/mainprofil-social-assets/main/2026-10-01/2026-10-01-fb-01.png;;FALSE;;POST;
"Mythos: „Am Gründungstag gibt es noch nichts zu veröffentlichen.“

Fakt: Vier Angaben stehen am ersten Tag fest – Firmierung, Sitz, wer vertreten darf und wer erreichbar ist. Genau diese vier fragen Bank, Lieferanten und erste Kunden zuerst ab.

Wer sie sofort an eine dauerhafte Adresse stellt, mit Datum, hat später nichts einzusammeln. Die Verifizierung kommt dazu, sobald der Registereintrag da ist.

Speichern, wenn Sie gerade gründen – oder jemanden kennen, der es tut.

https://mainprofil.com/ig

#Gründung #Startup #Unternehmensdaten #MainProfil #Gründer";2026-10-01;11:45:00;FALSE;FALSE;FALSE;FALSE;FALSE;TRUE;FALSE;FALSE;FALSE;FALSE;FALSE;https://raw.githubusercontent.com/mainprofil-app/mainprofil-social-assets/main/2026-10-01/2026-10-01-ig-02.png;;FALSE;POST;;
"Eine Selbstauskunft wird nicht dadurch geprüft, dass sie öffentlich steht.

Das klingt selbstverständlich – und wird in der Praxis ständig verwechselt. Eine Angabe auf der Website, im Branchenbuch oder im Social-Profil wirkt „offiziell“, weil sie jeder sehen kann. Geprüft hat sie deshalb niemand.

Geprüft ist eine Angabe erst, wenn ein Unabhängiger sie gegen Register und Nachweise gehalten hat – mit Datum und Gültigkeit. Alles andere ist Selbstauskunft. Die ist völlig in Ordnung, solange sie als solche erkennbar ist.

Deshalb trennt ein MainProfil beides sichtbar: selbst gepflegt und datiert auf der einen Seite, unabhängig verifiziert auf der anderen.

Wie erkennen Sie bei einem neuen Geschäftspartner, welche seiner Angaben geprüft sind?

https://mainprofil.com/li

#Verifizierung #Compliance #Geschäftspartner #Mittelstand #MainProfil";2026-10-01;12:30:00;FALSE;FALSE;FALSE;TRUE;FALSE;FALSE;FALSE;FALSE;FALSE;FALSE;FALSE;https://raw.githubusercontent.com/mainprofil-app/mainprofil-social-assets/main/2026-10-01/2026-10-01-li-02.png;;FALSE;;;
"Herbst ist Mitgliederversammlungs-Zeit. Ein neuer Vorstand wird gewählt – und im Netz steht noch der alte.

Vorher: Auf der Homepage der Vorsitzende von 2023, auf dem Flyer der Kassenwart von damals, im Verzeichnis eine Handynummer vom früheren Schriftführer. Wer den Verein erreichen will, ruft drei Leute an, die nicht mehr zuständig sind.

Nachher: eine dauerhafte Adresse, an der die aktuellen Ansprechpartner mit Funktion und Datum stehen. Homepage, Flyer und Aushang verweisen nur noch darauf.

Wie lange dauert es bei Ihrem Verein, bis ein neuer Vorstand überall angekommen ist?

https://mainprofil.com/fb

#Verein #Ehrenamt #Ansprechpartner #MainProfil #Vereinsleben";2026-10-01;13:30:00;FALSE;TRUE;FALSE;FALSE;FALSE;FALSE;FALSE;FALSE;FALSE;FALSE;FALSE;https://raw.githubusercontent.com/mainprofil-app/mainprofil-social-assets/main/2026-10-01/2026-10-01-fb-02.png;;FALSE;;POST;
"Fünf Irrtümer über Unternehmensprofile, die man nicht selbst angelegt hat – und was stattdessen stimmt.

1. „Das hat jemand ohne Erlaubnis gemacht.“ Registerdaten sind öffentlich; MainProfil bündelt sie aus OpenCorporates / offeneregister.de an einer dauerhaften Adresse.
2. „Die Angaben sind geprüft.“ Nein – sie tragen sichtbar den Hinweis „Noch nicht vom Inhaber bestätigt“.
3. „Übernehmen kostet etwas.“ Kostenlos, ohne Kreditkarte; die unabhängige Verifizierung ist ein getrennter Schritt.
4. „Man kann nichts dagegen tun.“ Angaben korrigieren oder das Profil entfernen lassen geht jederzeit, auch ohne Konto.
5. „Das geht sofort.“ MainProfil prüft E-Mail-Domain, Impressum und Registernummer – manche Anträge von Hand, damit niemand ein fremdes Profil übernimmt.

Welchen dieser Irrtümer hören Sie in Ihrem Umfeld am häufigsten?

https://mainprofil.com/li/uebernehmen

#Unternehmensdaten #Compliance #Mittelstand #MainProfil #Transparenz";2026-10-01;14:30:00;FALSE;FALSE;FALSE;TRUE;FALSE;FALSE;FALSE;FALSE;FALSE;FALSE;FALSE;https://raw.githubusercontent.com/mainprofil-app/mainprofil-social-assets/main/2026-10-01/2026-10-01-cl-01.png;;FALSE;;;
"Wer einen Pflegedienst sucht, sucht meist unter Druck – Angehörige nach einem Krankenhausaufenthalt, Kostenträger vor einer Bewilligung.

Fünf Angaben müssen dann sofort stimmen: Träger und Firmierung wie im Register. Die Pflegedienstleitung mit Funktion und Erreichbarkeit. Das Versorgungsgebiet. Die Erreichbarkeit außerhalb der Bürozeiten. Und das Datum, wann das alles zuletzt bestätigt wurde.

Alles an einer dauerhaften Adresse, statt verstreut über Portale.

Speichern und an die Verwaltung weitergeben.

https://mainprofil.com/ig

#Pflege #Pflegedienst #Erreichbarkeit #MainProfil #Checkliste";2026-10-01;15:15:00;FALSE;FALSE;FALSE;FALSE;FALSE;TRUE;FALSE;FALSE;FALSE;FALSE;FALSE;https://raw.githubusercontent.com/mainprofil-app/mainprofil-social-assets/main/2026-10-01/2026-10-01-ig-03.png;;FALSE;POST;;
"Begriff erklärt: Lieferantenstammdaten.

Das ist der Datensatz, mit dem ein Kunde Ihr Unternehmen in seinem System anlegt: Firmierung, Anschrift, Registernummer, Ansprechpartner, Rechnungsangaben. Er wird einmal erfasst – und danach oft jahrelang nicht mehr angefasst.

Genau darin liegt das Problem. Ändert sich bei Ihnen die Firmierung, der Sitz oder die Buchhaltungsadresse, weicht Ihre Rechnung von den Stammdaten ab. Die Folge ist keine Katastrophe, nur Reibung: Rückfrage, Prüfung, Freigabe eine Woche später.

Eine dauerhafte Adresse mit datierten, unabhängig geprüften Angaben gibt dem Einkauf eine Quelle, gegen die er seine Stammdaten regelmäßig abgleichen kann.

Wie oft gleichen Sie die Stammdaten Ihrer Lieferanten mit einer aktuellen Quelle ab?

https://mainprofil.com/li

#Stammdaten #Einkauf #Buchhaltung #B2B #MainProfil";2026-10-01;16:15:00;FALSE;FALSE;FALSE;TRUE;FALSE;FALSE;FALSE;FALSE;FALSE;FALSE;FALSE;https://raw.githubusercontent.com/mainprofil-app/mainprofil-social-assets/main/2026-10-01/2026-10-01-li-03.png;;FALSE;;;
"Frage aus einer Steuerkanzlei: „Meine Mandanten kennen mich seit Jahren. Wozu brauche ich ein Unternehmensprofil?“

Die Antwort: Ihre Mandanten kennen Sie – aber die kennen Sie nicht, die Ihre Arbeit weitergeben. Die Bank, die eine Bescheinigung aus Ihrer Kanzlei liest. Der neue Mandant, den eine Empfehlung schickt. Der Notar, der eine Vollmacht prüft. Alle schauen zuerst: Gibt es diese Kanzlei so, an dieser Adresse, mit dieser Vertretung – und seit wann steht das da?

Ein Profil mit Datum an jeder Angabe und unabhängiger Prüfung beantwortet das, bevor jemand anruft.

Wer prüft Sie eigentlich, ohne dass Sie es merken?

https://mainprofil.com/fb

#Steuerberatung #Kanzlei #Vertrauen #MainProfil #Mittelstand";2026-10-01;17:00:00;FALSE;TRUE;FALSE;FALSE;FALSE;FALSE;FALSE;FALSE;FALSE;FALSE;FALSE;https://raw.githubusercontent.com/mainprofil-app/mainprofil-social-assets/main/2026-10-01/2026-10-01-fb-03.png;;FALSE;;POST;
"Neuer Monat, neues Datum.

Der Monatserste ist der einfachste Termin für Unternehmensdaten: Profil öffnen, Angaben durchsehen, bestätigen. Eine Minute – und jede Angabe trägt ein Datum von heute.

Wer Sie im Oktober prüft, sieht nicht „irgendwann mal eingetragen“, sondern „bestätigt am 1. Oktober“. Das ist der Unterschied zwischen einer Behauptung und einer Information.

Folgen Sie uns – am 1. November erinnern wir Sie wieder.

https://mainprofil.com/ig

#Monatsstart #Oktober #Aktualität #MainProfil #Unternehmensprofil";2026-10-01;18:45:00;FALSE;FALSE;FALSE;FALSE;FALSE;TRUE;FALSE;FALSE;FALSE;FALSE;FALSE;https://raw.githubusercontent.com/mainprofil-app/mainprofil-social-assets/main/2026-10-01/2026-10-01-ig-04.png;;FALSE;POST;;
